block,data_shape,csv,first_period,last_period,period_frequency,refresh_route,observations_or_leaves,units,source,model_access,calculation_locations,owner,accuracy_status
agriculture.base_year_volume,Structured parameters / assumptions,,,,Not time-indexed,Controlled YAML assumption update; source review required,10,litres per year (diesel),"PROVISIONAL — placeholder pending sourcing (DAFF / DALRRD energy use studies, sector reports). See docs/methodology/params_sourcing.md",Requested by engine,src/lfm/model/demand/agriculture.py:46,nigel.zhuwaki,Independent verification not recorded
agriculture.elasticity,Structured parameters / assumptions,,,,Not time-indexed,Controlled YAML assumption update; source review required,5,dimensionless,PROVISIONAL — placeholder pending move to a hectares-planted driver. See docs/methodology/params_sourcing.md,Requested by engine,src/lfm/model/demand/agriculture.py:49,nigel.zhuwaki,Independent verification not recorded
agriculture.product,Structured parameters / assumptions,,,,Not time-indexed,Controlled YAML assumption update; source review required,1,product code,Legacy configuration; original source not recorded,Not requested in traced scenarios,,nigel.zhuwaki,Independent verification not recorded
aviation.regression,Structured parameters / assumptions,,,,Not time-indexed,Controlled YAML assumption update; source review required,9,litres per year (response); ZAR/capita and pax (drivers),Vopak/Reatile xlsx (RegJetFuel sheet),Requested by engine,src/lfm/model/demand/aviation.py:57,nigel.zhuwaki,Independent verification not recorded
aviation.passenger_departures,Time series,timeseries/passenger_departures.csv,2017,2050,Annual,Original model workbook extraction,34,pax per year,Vopak/Reatile xlsx (PaxBaseScenario),Requested by engine,src/lfm/model/demand/aviation.py:66,nigel.zhuwaki,Independent verification not recorded
aviation.product_split,Structured parameters / assumptions,,,,Not time-indexed,Controlled YAML assumption update; source review required,5,fraction (sums to 1 per country),Legacy configuration; original source not recorded,Not requested in traced scenarios,,nigel.zhuwaki,Independent verification not recorded
aviation.seasonality,Structured parameters / assumptions,,,,Not time-indexed,Controlled YAML assumption update; source review required,5,not recorded,fitted from history (see seasonality/ CSVs),Not requested in traced scenarios,,nigel.zhuwaki,Independent verification not recorded
aviation.driver_decision,Structured parameters / assumptions,,,,Not time-indexed,Controlled YAML assumption update; source review required,3,driver choice and unresolved cargo status,"Manish base-case driver proposal, 5 October 2026; ACSA group traffic statistics",Not requested in traced scenarios,,nigel.zhuwaki,Independent verification not recorded
generation.ocgt_capacity,Structured parameters / assumptions,,,,Not time-indexed,Controlled YAML assumption update; source review required,10,MW,Vopak/Reatile xlsx (PowerGen_Capacity named range),Requested by engine,src/lfm/model/demand/generation.py:79,nigel.zhuwaki,Independent verification not recorded
generation.load_factor,Time series,timeseries/ocgt_load_factor.csv,2022,2050,Annual,Original model workbook extraction,58,fraction,Vopak/Reatile xlsx (PowerGenLoadFactor_High / PowerGenLoadFactor_Low),Requested by engine,src/lfm/model/demand/generation.py:103,nigel.zhuwaki,Independent verification not recorded
generation.load_shedding,Time series,timeseries/ocgt_load_shedding.csv,2024,2050,Annual,Original model workbook extraction,54,GWh,Vopak/Reatile xlsx (LoadShedding_High / LoadShedding_Low),Not requested in traced scenarios,,nigel.zhuwaki,Independent verification not recorded
generation.efficiency,Structured parameters / assumptions,,,,Not time-indexed,Controlled YAML assumption update; source review required,5,fraction (thermal efficiency),Vopak/Reatile xlsx (PowerGen_Efficiency),Requested by engine,src/lfm/model/demand/generation.py:96,nigel.zhuwaki,Independent verification not recorded
generation.mj_per_litre,Scalar,,,,Not time-indexed,Controlled YAML assumption update; source review required,1,MJ per litre (diesel),Vopak/Reatile xlsx (MJ_Litres_Conversion),Requested by engine,src/lfm/model/demand/generation.py:97,nigel.zhuwaki,Independent verification not recorded
generation.operational_days,Scalar,,,,Not time-indexed,Controlled YAML assumption update; source review required,1,days per year,Vopak/Reatile xlsx (Operational_days),Requested by engine,src/lfm/model/demand/generation.py:98,nigel.zhuwaki,Independent verification not recorded
industrial.base_year_volume,Structured parameters / assumptions,,,,Not time-indexed,Controlled YAML assumption update; source review required,10,litres per year (diesel),"PROVISIONAL — derived as residual of (xlsx total diesel - vehicles - OCGT - marine - agri); awaits proper sourcing (DMRE energy balances, mining sector reports, manufacturing energy intensity studies). See docs/methodology/params_sourcing.md",Requested by engine,src/lfm/model/demand/industrial.py:50,nigel.zhuwaki,Independent verification not recorded
industrial.elasticity,Structured parameters / assumptions,,,,Not time-indexed,Controlled YAML assumption update; source review required,5,dimensionless (response of diesel demand to GDP/capita),PROVISIONAL — literature mid-range; varies 0.5–1.2 across studies. See docs/methodology/params_sourcing.md,Requested by engine,src/lfm/model/demand/industrial.py:53,nigel.zhuwaki,Independent verification not recorded
industrial.product,Structured parameters / assumptions,,,,Not time-indexed,Controlled YAML assumption update; source review required,1,product code,Legacy configuration; original source not recorded,Not requested in traced scenarios,,nigel.zhuwaki,Independent verification not recorded
industrial.seasonality,Structured parameters / assumptions,,,,Not time-indexed,Controlled YAML assumption update; source review required,5,not recorded,TBD (would be fitted from monthly DMRE wholesale data per region),Not requested in traced scenarios,,nigel.zhuwaki,Independent verification not recorded
macro.gdp,Time series,timeseries/gdp.csv,2005,2050,Annual,Original model workbook extraction,71,ZAR (constant 2015),Vopak/Reatile xlsx (GDP named range); BLNS to be sourced,Not requested in traced scenarios,,nigel.zhuwaki,Independent verification not recorded
macro.gdp_per_capita,Time series,timeseries/gdp_per_capita.csv,2005,2050,Annual,Original model workbook extraction,71,ZAR (constant 2015) per capita,"Vopak/Reatile xlsx (GDP named range, GDP/capita columns); BLNS to be sourced",Requested by engine,src/lfm/model/demand/_held.py:24; src/lfm/model/demand/aviation.py:65; src/lfm/model/demand/vehicles.py:241,nigel.zhuwaki,Independent verification not recorded
macro.gdp_growth,Time series,timeseries/gdp_growth.csv,2020,2050,Annual,Original model workbook extraction,61,fraction per year (real GDP growth),Vopak/Reatile xlsx (GDP_high_growth / GDP_low_growth); BLNS to be sourced,Not requested in traced scenarios,,nigel.zhuwaki,Independent verification not recorded
macro.population,Time series,timeseries/population.csv,2005,2050,Annual,Original model workbook extraction,46,persons,"Vopak/Reatile xlsx (GDP named range, Population columns); BLNS to be sourced",Not requested in traced scenarios,,nigel.zhuwaki,Independent verification not recorded
macro.fx_zar_usd,Scalar,,,,Not time-indexed,Controlled YAML assumption update; source review required,1,ZAR per USD,TBD (SARB annual average),Not requested in traced scenarios,,nigel.zhuwaki,Independent verification not recorded
macro.crude_oil_litres_per_barrel,Scalar,,,,Not time-indexed,Controlled YAML assumption update; source review required,1,litres per barrel,Vopak/Reatile xlsx (Crude_oil_litresPerBarrel),Requested by engine,src/lfm/model/supply/flows.py:55,nigel.zhuwaki,Independent verification not recorded
macro.gdp_growth_beyond_official_forecast,Scalar,,,,Not time-indexed,Controlled YAML assumption update; source review required,1,fraction per year (real GDP growth),"Base-case assumption set by the engagement team on 5 October 2026; equal to National Treasury's 2028 forecast (Budget Review 2026, chapter 2)",Not requested in traced scenarios,,nigel.zhuwaki,Independent verification not recorded
macro.population_growth_beyond_official_estimates,Structured parameters / assumptions,,,,Not time-indexed,Controlled YAML assumption update; source review required,2,years averaged over,"Base-case assumption set by the engagement team on 5 October 2026 (continue Stats SA's own recent growth rate). The five-year window was proposed, not yet confirmed.",Not requested in traced scenarios,,nigel.zhuwaki,Independent verification not recorded
marine.base_year_volume,Structured parameters / assumptions,,,,Not time-indexed,Controlled YAML assumption update; source review required,15,litres per year (per port),"PROVISIONAL — literature mid-range placeholders pending teammate lookup (Transnet bunker volumes, Namport, IBIA bunker reports). See docs/methodology/params_sourcing.md",Requested by engine,src/lfm/model/demand/marine.py:32,nigel.zhuwaki,Independent verification not recorded
marine.elasticity,Structured parameters / assumptions,,,,Not time-indexed,Controlled YAML assumption update; source review required,5,dimensionless,PROVISIONAL — placeholder pending move to a proper port-throughput driver. See docs/methodology/params_sourcing.md,Requested by engine,src/lfm/model/demand/marine.py:37,nigel.zhuwaki,Independent verification not recorded
marine.product_split,Structured parameters / assumptions,,,,Not time-indexed,Controlled YAML assumption update; source review required,2,fraction (sums to 1),PROVISIONAL — literature mid-range; post-IMO 2020 the split is shifting toward more diesel. See docs/methodology/params_sourcing.md,Requested by engine,src/lfm/model/demand/marine.py:38,nigel.zhuwaki,Independent verification not recorded
sources.storage_transnet_pipelines_depots,Reference / infrastructure table,infrastructure/storage_transnet_pipelines_depots.csv,,,Not time-indexed,Manual source review/transcription,10,see companion source evidence,infrastructure/storage_transnet_pipelines_depots.csv; provenance and limitations in companion .sources.yaml files,Not requested in traced scenarios,,manish.r@africaia.com,Independent verification not recorded
sources.fleet_fuel_split_2023,Dated snapshot,reference/fleet_fuel_split_2023.csv,2023-12,2023-12,Monthly,Derived estimate: derive_fleet_fuel_split,7,see companion source evidence,reference/fleet_fuel_split_2023.csv; provenance and limitations in companion .sources.yaml files,Not requested in traced scenarios,,manish.r@africaia.com,Independent verification not recorded
sources.vehicle_parameters_stone2018,Reference / infrastructure table,reference/vehicle_parameters_stone2018.csv,,,Not time-indexed,Manual source review/transcription,24,see companion source evidence,reference/vehicle_parameters_stone2018.csv; provenance and limitations in companion .sources.yaml files,Not requested in traced scenarios,,manish.r@africaia.com,Independent verification not recorded
sources.vehicle_population_by_fuel_dot2023,Dated snapshot,reference/vehicle_population_by_fuel_dot2023.csv,2023-12,2023-12,Monthly,Manual source review/transcription,14,see companion source evidence,reference/vehicle_population_by_fuel_dot2023.csv; provenance and limitations in companion .sources.yaml files,Not requested in traced scenarios,,manish.r@africaia.com,Independent verification not recorded
sources.air_traffic_acsa,Time series,timeseries/air_traffic_acsa.csv,2012-04,2026-08,Monthly,PDF download: fetch_acsa,5190,mixed; see unit column,timeseries/air_traffic_acsa.csv; provenance and limitations in companion .sources.yaml files,Not requested in traced scenarios,,manish.r@africaia.com,Independent verification not recorded
sources.air_traffic_acsa_annual,Time series,timeseries/air_traffic_acsa_annual.csv,2013,2025,Annual,PDF download: fetch_acsa,390,mixed; see unit column,timeseries/air_traffic_acsa_annual.csv; provenance and limitations in companion .sources.yaml files,Not requested in traced scenarios,,manish.r@africaia.com,Independent verification not recorded
sources.energy_balance_department,Time series,timeseries/energy_balance_department.csv,2007,2021,Annual,Excel/PDF download: fetch_energy_dept,1178,mixed; see unit column,timeseries/energy_balance_department.csv; provenance and limitations in companion .sources.yaml files,Not requested in traced scenarios,,manish.r@africaia.com,Independent verification not recorded
sources.fuel_prices_department,Time series,timeseries/fuel_prices_department.csv,2011-01,2024-04,Monthly,Excel/PDF download: fetch_energy_dept,1113,mixed; see unit column,timeseries/fuel_prices_department.csv; provenance and limitations in companion .sources.yaml files,Not requested in traced scenarios,,manish.r@africaia.com,Independent verification not recorded
sources.fuel_prices_department_annual,Time series,timeseries/fuel_prices_department_annual.csv,2012,2023,Annual,Excel/PDF download: fetch_energy_dept,84,mixed; see unit column,timeseries/fuel_prices_department_annual.csv; provenance and limitations in companion .sources.yaml files,Not requested in traced scenarios,,manish.r@africaia.com,Independent verification not recorded
sources.fuel_sales_department,Time series,timeseries/fuel_sales_department.csv,2005,2023,Annual,Excel/PDF download: fetch_energy_dept,133,mixed; see unit column,timeseries/fuel_sales_department.csv; provenance and limitations in companion .sources.yaml files,Not requested in traced scenarios,,manish.r@africaia.com,Independent verification not recorded
sources.fuel_sales_department_by_province,Time series,timeseries/fuel_sales_department_by_province.csv,2013,2022,Annual,Excel/PDF download: fetch_energy_dept,605,mixed; see unit column,timeseries/fuel_sales_department_by_province.csv; provenance and limitations in companion .sources.yaml files,Not requested in traced scenarios,,manish.r@africaia.com,Independent verification not recorded
sources.fuel_sales_department_by_province_quarterly,Time series,timeseries/fuel_sales_department_by_province_quarterly.csv,2013-Q1,2023-Q1,Quarterly,Excel/PDF download: fetch_energy_dept,2419,mixed; see unit column,timeseries/fuel_sales_department_by_province_quarterly.csv; provenance and limitations in companion .sources.yaml files,Not requested in traced scenarios,,manish.r@africaia.com,Independent verification not recorded
sources.fuel_sales_department_quarterly,Time series,timeseries/fuel_sales_department_quarterly.csv,2005-Q1,2023-Q4,Quarterly,Excel/PDF download: fetch_energy_dept,532,mixed; see unit column,timeseries/fuel_sales_department_quarterly.csv; provenance and limitations in companion .sources.yaml files,Not requested in traced scenarios,,manish.r@africaia.com,Independent verification not recorded
sources.fuel_sales_fiasa,Time series,timeseries/fuel_sales_fiasa.csv,2009,2024,Annual,PDF download: fetch_fuel_sales,96,mixed; see unit column,timeseries/fuel_sales_fiasa.csv; provenance and limitations in companion .sources.yaml files,Not requested in traced scenarios,,manish.r@africaia.com,Independent verification not recorded
sources.fuel_trade_fiasa,Time series,timeseries/fuel_trade_fiasa.csv,2009,2025,Annual,PDF download: fetch_fuel_sales,136,mixed; see unit column,timeseries/fuel_trade_fiasa.csv; provenance and limitations in companion .sources.yaml files,Not requested in traced scenarios,,manish.r@africaia.com,Independent verification not recorded
sources.gdp_growth_treasury,Time series,timeseries/gdp_growth_treasury.csv,2024,2028,Annual,PDF download: fetch_economy,5,mixed; see unit column,timeseries/gdp_growth_treasury.csv; provenance and limitations in companion .sources.yaml files,Not requested in traced scenarios,,manish.r@africaia.com,Independent verification not recorded
sources.macro_statssa,Time series,timeseries/macro_statssa.csv,1993,2050,Annual,"Manual Stats SA Excel download, then fetch_economy",568,mixed; see unit column,timeseries/macro_statssa.csv; provenance and limitations in companion .sources.yaml files,Not requested in traced scenarios,,manish.r@africaia.com,Independent verification not recorded
sources.macro_worldbank,Time series,timeseries/macro_worldbank.csv,1990,2050,Annual,World Bank API: fetch_economy,133,mixed; see unit column,timeseries/macro_worldbank.csv; provenance and limitations in companion .sources.yaml files,Not requested in traced scenarios,,manish.r@africaia.com,Independent verification not recorded
sources.nev_sales_naamsa,Time series,timeseries/nev_sales_naamsa.csv,2019,2025,Annual,PDF download: fetch_naamsa,28,mixed; see unit column,timeseries/nev_sales_naamsa.csv; provenance and limitations in companion .sources.yaml files,Not requested in traced scenarios,,manish.r@africaia.com,Independent verification not recorded
sources.new_vehicle_market_naamsa,Time series,timeseries/new_vehicle_market_naamsa.csv,2015,2027,Annual,PDF download: fetch_naamsa,52,mixed; see unit column,timeseries/new_vehicle_market_naamsa.csv; provenance and limitations in companion .sources.yaml files,Not requested in traced scenarios,,manish.r@africaia.com,Independent verification not recorded
sources.new_vehicle_registrations_natis,Time series,timeseries/new_vehicle_registrations_natis.csv,2016-05,2026-06,Monthly,PDF download: fetch_natis,9111,mixed; see unit column,timeseries/new_vehicle_registrations_natis.csv; provenance and limitations in companion .sources.yaml files,Not requested in traced scenarios,,manish.r@africaia.com,Independent verification not recorded
sources.new_vehicle_registrations_natis_annual,Time series,timeseries/new_vehicle_registrations_natis_annual.csv,2019,2025,Annual,PDF download: fetch_natis,48,mixed; see unit column,timeseries/new_vehicle_registrations_natis_annual.csv; provenance and limitations in companion .sources.yaml files,Not requested in traced scenarios,,manish.r@africaia.com,Independent verification not recorded
sources.ocgt_generation_eskom,Time series,timeseries/ocgt_generation_eskom.csv,2022,2026,Annual,PDF download: fetch_eskom,13,mixed; see unit column,timeseries/ocgt_generation_eskom.csv; provenance and limitations in companion .sources.yaml files,Not requested in traced scenarios,,manish.r@africaia.com,Independent verification not recorded
sources.vehicle_population_natis,Time series,timeseries/vehicle_population_natis.csv,2021-02,2026-06,Monthly,PDF download: fetch_natis,4480,mixed; see unit column,timeseries/vehicle_population_natis.csv; provenance and limitations in companion .sources.yaml files,Not requested in traced scenarios,,manish.r@africaia.com,Independent verification not recorded
supply.refinery_capacity,Structured parameters / assumptions,,,,Not time-indexed,Controlled YAML assumption update; source review required,10,kbpd (thousand barrels per day),Vopak/Reatile xlsx (Refinery_capacity / Refinery),Requested by engine,src/lfm/model/supply/flows.py:51,nigel.zhuwaki,Independent verification not recorded
supply.refinery_product_mix,Structured parameters / assumptions,,,,Not time-indexed,Controlled YAML assumption update; source review required,22,fraction,Vopak/Reatile xlsx (SupplyFuelMix),Requested by engine,src/lfm/model/supply/flows.py:52,nigel.zhuwaki,Independent verification not recorded
supply.refinery_utilisation,Time series,timeseries/refinery_production.csv,2008,2050,Annual,Original model workbook extraction,948,fraction,Vopak/Reatile xlsx (Production_High / Production_Low),Requested by engine,src/lfm/model/supply/flows.py:53,nigel.zhuwaki,Independent verification not recorded
supply.refinery_availability,Scalar,,,,Not time-indexed,Controlled YAML assumption update; source review required,1,fraction,Vopak/Reatile xlsx (Refinery_availability),Requested by engine,src/lfm/model/supply/flows.py:54,nigel.zhuwaki,Independent verification not recorded
vehicles.ev_scurve,Structured parameters / assumptions,,,,Not time-indexed,Controlled YAML assumption update; source review required,30,"ratio (penetration), year (midpoint)",Vopak/Reatile xlsx (EV_High_Penetration / EV_Low_Penetration); BLNS to be sourced,Requested by engine,src/lfm/model/demand/vehicles.py:209,nigel.zhuwaki,Independent verification not recorded
vehicles.new_vehicle_regression,Structured parameters / assumptions,,,,Not time-indexed,Controlled YAML assumption update; source review required,15,"vehicles per year (response), ZAR-per-capita constant 2015 (driver)",Vopak/Reatile xlsx (RegEV); BLNS to be fitted,Requested by engine,src/lfm/model/demand/vehicles.py:209,nigel.zhuwaki,Independent verification not recorded
vehicles.annual_km_per_vehicle,Structured parameters / assumptions,,,,Not time-indexed,Controlled YAML assumption update; source review required,15,km per vehicle per year,PROVISIONAL — literature mid-range placeholders pending teammate lookup (eNaTIS odometer queries / GreenCape / NAAMSA / IEA MoMo). See docs/methodology/params_sourcing.md,Requested by engine,src/lfm/model/demand/vehicles.py:209,nigel.zhuwaki,Independent verification not recorded
vehicles.fuel_consumption,Structured parameters / assumptions,,,,Not time-indexed,Controlled YAML assumption update; source review required,30,L / 100 km,"PROVISIONAL — literature mid-range placeholders pending teammate lookup (DMRE/DoE energy balances, IEA MoMo, NAAMSA-weighted OEM averages). See docs/methodology/params_sourcing.md",Requested by engine,src/lfm/model/demand/vehicles.py:209,nigel.zhuwaki,Independent verification not recorded
vehicles.petrol_diesel_split,Structured parameters / assumptions,,,,Not time-indexed,Controlled YAML assumption update; source review required,30,fraction (sums to 1 per country×segment),PROVISIONAL — literature mid-range placeholders pending teammate lookup (NAAMSA monthly sales reports). See docs/methodology/params_sourcing.md,Requested by engine,src/lfm/model/demand/vehicles.py:209,nigel.zhuwaki,Independent verification not recorded
vehicles.scrappage_rate,Structured parameters / assumptions,,,,Not time-indexed,Controlled YAML assumption update; source review required,15,fraction per year,PROVISIONAL — literature mid-range placeholders pending teammate lookup (eNaTIS deregistrations / SA vehicle-stock-turnover papers). See docs/methodology/params_sourcing.md,Requested by engine,src/lfm/model/demand/vehicles.py:209,nigel.zhuwaki,Independent verification not recorded
vehicles.new_vehicle_segment_split,Structured parameters / assumptions,,,,Not time-indexed,Controlled YAML assumption update; source review required,15,fraction (sums to 1 per country),PROVISIONAL — literature mid-range placeholders pending teammate lookup (NAAMSA new-vehicle registrations split by segment). See docs/methodology/params_sourcing.md,Requested by engine,src/lfm/model/demand/vehicles.py:209,nigel.zhuwaki,Independent verification not recorded
vehicles.efficiency_improvement.diesel,Time series,timeseries/efficiency_improvement_diesel.csv,2020,2050,Annual,Original model workbook extraction,62,fraction per year,Vopak/Reatile xlsx (HighEfficiency_Improvement_Diesel / LowEfficiency_Improvement_Diesel),Requested by engine,src/lfm/model/demand/vehicles.py:251,nigel.zhuwaki,Independent verification not recorded
vehicles.efficiency_improvement.gasoline,Time series,timeseries/efficiency_improvement_gasoline.csv,2020,2050,Annual,Original model workbook extraction,62,fraction per year,Vopak/Reatile xlsx (HighEfficiency_Improvement_Gasoline / LowEfficiency_Improvement_Gasoline),Requested by engine,src/lfm/model/demand/vehicles.py:251,nigel.zhuwaki,Independent verification not recorded
Undeclared CSV: timeseries/historical_demand.csv,Time series,timeseries/historical_demand.csv,2005,2025,Annual,Original model workbook extraction,72,Source declaration missing,Not declared; inspect original extraction and validation script,Not requested by engine; check validation/reference use,,Not declared,Independent verification not recorded
