Priority,Issue,Inputs,Where to look,Evidence,Action,Responsibility,Close by
P1,Used provisional road parameters,"vehicles annual_km_per_vehicle, fuel_consumption, petrol_diesel_split, scrappage_rate, new_vehicle_segment_split",assumptions/2026/vehicles.yaml,Five provisional blocks requested by the engine,Reconcile each parameter to an exact source/table; distinguish published calibration outputs from assumptions and observed data. Document cohort/fleet definitions.,Manish: investigate; Nigel: review,Before accepting inputs for a reviewed baseline; existing exceptions expire 2026-11-12
P1,Used provisional sector baselines,"industrial, marine and agriculture baselines/elasticities; marine product split",assumptions/2026/industrial.yaml; marine.yaml; agriculture.yaml,Seven provisional blocks requested by the engine,Source sector volumes and elasticities; justify residual allocations and prevent overlapping demand.,Manish: investigate; Nigel: review,Before accepting inputs for a reviewed baseline; existing exceptions expire 2026-11-12
P1,Provincial annual coverage,fuel_sales_department_by_province.csv,src/lfm/scripts/fetch_energy_dept.py:161,26 annual province/product rows have fewer than four observed quarters,"Check listed rows against original quarterly workbooks; distinguish missing, omitted and zero values. Gate completeness per year/province/product.",Manish: investigate; Nigel: review,Before accepting inputs for a reviewed baseline; existing exceptions expire 2026-11-12
P1,Refinery repeated keys,refinery_production.csv,src/lfm/scripts/extract_xlsx_to_assumptions.py:265; src/lfm/model/supply/flows.py:166,558 extra rows across 202 repeated keys; engine selects the first value for each period,Review every duplicate group and original named range. Determine why repeats exist and whether values conflict before fixing extraction or deduplication.,Manish: investigate; Nigel: review,Before accepting inputs for a reviewed baseline; existing exceptions expire 2026-11-12
P1,Historical demand repeated keys,historical_demand.csv,src/lfm/scripts/extract_xlsx_to_assumptions.py:291,15 extra rows across five repeated jet demand keys; CSV is not declared in an assumption block,Locate the correct historical table boundaries; exclude unrelated workbook sections only after source reconciliation. Register the comparator.,Manish: investigate; Nigel: review,Before accepting inputs for a reviewed baseline; existing exceptions expire 2026-11-12
P1,Missing original-source evidence,"Stone paper/supplement, Stats SA GDP/population and one district workbook",Source evidence tab,Five source records have no matching local original,Obtain and preserve the exact referenced editions. Verify transcription/extraction directly; matching other reports does not close these gaps.,Manish: investigate; Nigel: review,Before accepting inputs for a reviewed baseline; existing exceptions expire 2026-11-12
P1,Unreadable DoT source metadata,vehicle_population_by_fuel_dot2023.sources.yaml,assumptions/2026/reference/vehicle_population_by_fuel_dot2023.sources.yaml:24,YAML syntax error prevents automated provenance inspection,"Repair quoting; locate the DoT original, reconcile the manual transcription and explain the stated 573-vehicle difference.",Manish: investigate; Nigel: review,Before accepting inputs for a reviewed baseline; existing exceptions expire 2026-11-12
P1,Wide reference-table register coverage,Reference and infrastructure CSVs,Wide table fields tab,Register value fields do not enumerate the individual columns of these tables,"Review each flagged field, including units, definitions and conversions; improve register coverage without replacing meaningful values with null.",Manish: investigate; Nigel: review,Before accepting inputs for a reviewed baseline; existing exceptions expire 2026-11-12
P2,Source data not integrated,All sources.* blocks and proposed macro/aviation decisions,Assumption blocks tab,37 of 66 blocks not requested; all 24 sources.* blocks are among them,"Assign each input to engine use, validation or reference. For engine inputs, document the mapping and reconcile outputs before replacing existing inputs.",Manish: investigate; Nigel: review,Before accepting inputs for a reviewed baseline; existing exceptions expire 2026-11-12
P2,Parser and partial-refresh warnings,"NAAMSA, NaTIS, Eskom and fuel prices",runs/_refresh_review_20261005/fetch_*.log,Online refresh returned success despite missing or unreadable figures/tables,Inspect the original tables for each warning. Define expected coverage and reject partial replacements; expose stale/manual sources separately.,Manish: investigate; Nigel: review,Before accepting inputs for a reviewed baseline; existing exceptions expire 2026-11-12
P2,Derived fleet fuel split,fleet_fuel_split_2023.csv,src/lfm/scripts/derive_fleet_fuel_split.py; assumptions/2026/reference/fleet_fuel_split_2023.sources.yaml,"Fitted split uses older pattern, scaled totals and fixed fuel allocations","Reproduce margins; review passenger/LCV mapping, all-diesel heavy/plant assumptions and distinction between fleet stock and new sales.",Manish: investigate; Nigel: review,Before accepting inputs for a reviewed baseline; existing exceptions expire 2026-11-12
P2,Temporal and unit definitions,"Eskom output, ACSA movements, fuel prices and trade",Companion source metadata and assumption blocks,"Fiscal/calendar periods, GWh/litres, airport coverage and gross/net trade differ",Specify conversions and boundaries; do not treat Eskom GWh as diesel litres or gross imports as the model deficit.,Manish: investigate; Nigel: review,Before accepting inputs for a reviewed baseline; existing exceptions expire 2026-11-12
P2,Independent verification coverage,All declared inputs,governance/assumption_register.csv,"0 of 28,122 declared inputs have verified status plus a named reviewer",Reconcile originals and transformations first; record actual review decisions and evidence. Do not bulk-mark verified after tests pass.,Manish: investigate; Nigel: review,Before accepting inputs for a reviewed baseline; existing exceptions expire 2026-11-12
P3,Legacy workbook fidelity,Existing scalar/named-range mappings,src/lfm/scripts/verify_against_xlsx.py,48 existing verifier checks passed; time-series CSVs are excluded,"Retain this limited check, add separate CSV-to-original reconciliation, and assess the underlying assumptions independently.",Manish: investigate; Nigel: review,Before accepting inputs for a reviewed baseline; existing exceptions expire 2026-11-12
