id,assumption,reason,temporary_value,owner,approver,risk,expiry_trigger,expires_on,migration_path,status,validity
EXC-AGRICULTURE-BASE_YEAR_VOLUME,agriculture.base_year_volume,Provisional input pending sourcing and independent review.,See matching register rows,nigel.zhuwaki,,Unvalidated inputs may materially affect forecasts; output remains provisional.,"Before formal model release or end of six-week build, whichever is earlier",2026-11-12,Source and review every value and missing country slot; update register and remove exception reference only after resolution.,open,2026
EXC-AGRICULTURE-ELASTICITY,agriculture.elasticity,Provisional input pending sourcing and independent review.,See matching register rows,nigel.zhuwaki,,Unvalidated inputs may materially affect forecasts; output remains provisional.,"Before formal model release or end of six-week build, whichever is earlier",2026-11-12,Source and review every value and missing country slot; update register and remove exception reference only after resolution.,open,2026
EXC-AGRICULTURE-PRODUCT,agriculture.product,Legacy input has not been independently reviewed; source metadata carried forward without certification.,See matching register rows,nigel.zhuwaki,,Unvalidated inputs may materially affect forecasts; output remains provisional.,"Before formal model release or end of six-week build, whichever is earlier",2026-11-12,Source and review every value and missing country slot; update register and remove exception reference only after resolution.,open,2026
EXC-AVIATION-REGRESSION,aviation.regression,Legacy input has not been independently reviewed; source metadata carried forward without certification.,See matching register rows,nigel.zhuwaki,,Unvalidated inputs may materially affect forecasts; output remains provisional.,"Before formal model release or end of six-week build, whichever is earlier",2026-11-12,Source and review every value and missing country slot; update register and remove exception reference only after resolution.,open,2026
EXC-AVIATION-PASSENGER_DEPARTURES,aviation.passenger_departures,Legacy input has not been independently reviewed; source metadata carried forward without certification.,See matching register rows,nigel.zhuwaki,,Unvalidated inputs may materially affect forecasts; output remains provisional.,"Before formal model release or end of six-week build, whichever is earlier",2026-11-12,Source and review every value and missing country slot; update register and remove exception reference only after resolution.,open,2026
EXC-AVIATION-PRODUCT_SPLIT,aviation.product_split,Legacy input has not been independently reviewed; source metadata carried forward without certification.,See matching register rows,nigel.zhuwaki,,Unvalidated inputs may materially affect forecasts; output remains provisional.,"Before formal model release or end of six-week build, whichever is earlier",2026-11-12,Source and review every value and missing country slot; update register and remove exception reference only after resolution.,open,2026
EXC-AVIATION-SEASONALITY,aviation.seasonality,Legacy input has not been independently reviewed; source metadata carried forward without certification.,See matching register rows,nigel.zhuwaki,,Unvalidated inputs may materially affect forecasts; output remains provisional.,"Before formal model release or end of six-week build, whichever is earlier",2026-11-12,Source and review every value and missing country slot; update register and remove exception reference only after resolution.,open,2026
EXC-GENERATION-OCGT_CAPACITY,generation.ocgt_capacity,Legacy input has not been independently reviewed; source metadata carried forward without certification.,See matching register rows,nigel.zhuwaki,,Unvalidated inputs may materially affect forecasts; output remains provisional.,"Before formal model release or end of six-week build, whichever is earlier",2026-11-12,Source and review every value and missing country slot; update register and remove exception reference only after resolution.,open,2026
EXC-GENERATION-LOAD_FACTOR,generation.load_factor,Legacy input has not been independently reviewed; source metadata carried forward without certification.,See matching register rows,nigel.zhuwaki,,Unvalidated inputs may materially affect forecasts; output remains provisional.,"Before formal model release or end of six-week build, whichever is earlier",2026-11-12,Source and review every value and missing country slot; update register and remove exception reference only after resolution.,open,2026
EXC-GENERATION-LOAD_SHEDDING,generation.load_shedding,Legacy input has not been independently reviewed; source metadata carried forward without certification.,See matching register rows,nigel.zhuwaki,,Unvalidated inputs may materially affect forecasts; output remains provisional.,"Before formal model release or end of six-week build, whichever is earlier",2026-11-12,Source and review every value and missing country slot; update register and remove exception reference only after resolution.,open,2026
EXC-GENERATION-EFFICIENCY,generation.efficiency,Legacy input has not been independently reviewed; source metadata carried forward without certification.,See matching register rows,nigel.zhuwaki,,Unvalidated inputs may materially affect forecasts; output remains provisional.,"Before formal model release or end of six-week build, whichever is earlier",2026-11-12,Source and review every value and missing country slot; update register and remove exception reference only after resolution.,open,2026
EXC-GENERATION-MJ_PER_LITRE,generation.mj_per_litre,Legacy input has not been independently reviewed; source metadata carried forward without certification.,See matching register rows,nigel.zhuwaki,,Unvalidated inputs may materially affect forecasts; output remains provisional.,"Before formal model release or end of six-week build, whichever is earlier",2026-11-12,Source and review every value and missing country slot; update register and remove exception reference only after resolution.,open,2026
EXC-GENERATION-OPERATIONAL_DAYS,generation.operational_days,Legacy input has not been independently reviewed; source metadata carried forward without certification.,See matching register rows,nigel.zhuwaki,,Unvalidated inputs may materially affect forecasts; output remains provisional.,"Before formal model release or end of six-week build, whichever is earlier",2026-11-12,Source and review every value and missing country slot; update register and remove exception reference only after resolution.,open,2026
EXC-INDUSTRIAL-BASE_YEAR_VOLUME,industrial.base_year_volume,Provisional input pending sourcing and independent review.,See matching register rows,nigel.zhuwaki,,Unvalidated inputs may materially affect forecasts; output remains provisional.,"Before formal model release or end of six-week build, whichever is earlier",2026-11-12,Source and review every value and missing country slot; update register and remove exception reference only after resolution.,open,2026
EXC-INDUSTRIAL-ELASTICITY,industrial.elasticity,Provisional input pending sourcing and independent review.,See matching register rows,nigel.zhuwaki,,Unvalidated inputs may materially affect forecasts; output remains provisional.,"Before formal model release or end of six-week build, whichever is earlier",2026-11-12,Source and review every value and missing country slot; update register and remove exception reference only after resolution.,open,2026
EXC-INDUSTRIAL-PRODUCT,industrial.product,Legacy input has not been independently reviewed; source metadata carried forward without certification.,See matching register rows,nigel.zhuwaki,,Unvalidated inputs may materially affect forecasts; output remains provisional.,"Before formal model release or end of six-week build, whichever is earlier",2026-11-12,Source and review every value and missing country slot; update register and remove exception reference only after resolution.,open,2026
EXC-INDUSTRIAL-SEASONALITY,industrial.seasonality,Legacy input has not been independently reviewed; source metadata carried forward without certification.,See matching register rows,nigel.zhuwaki,,Unvalidated inputs may materially affect forecasts; output remains provisional.,"Before formal model release or end of six-week build, whichever is earlier",2026-11-12,Source and review every value and missing country slot; update register and remove exception reference only after resolution.,open,2026
EXC-MACRO-GDP,macro.gdp,Legacy input has not been independently reviewed; source metadata carried forward without certification.,See matching register rows,nigel.zhuwaki,,Unvalidated inputs may materially affect forecasts; output remains provisional.,"Before formal model release or end of six-week build, whichever is earlier",2026-11-12,Source and review every value and missing country slot; update register and remove exception reference only after resolution.,open,2026
EXC-MACRO-GDP_PER_CAPITA,macro.gdp_per_capita,Legacy input has not been independently reviewed; source metadata carried forward without certification.,See matching register rows,nigel.zhuwaki,,Unvalidated inputs may materially affect forecasts; output remains provisional.,"Before formal model release or end of six-week build, whichever is earlier",2026-11-12,Source and review every value and missing country slot; update register and remove exception reference only after resolution.,open,2026
EXC-MACRO-GDP_GROWTH,macro.gdp_growth,Legacy input has not been independently reviewed; source metadata carried forward without certification.,See matching register rows,nigel.zhuwaki,,Unvalidated inputs may materially affect forecasts; output remains provisional.,"Before formal model release or end of six-week build, whichever is earlier",2026-11-12,Source and review every value and missing country slot; update register and remove exception reference only after resolution.,open,2026
EXC-MACRO-POPULATION,macro.population,Legacy input has not been independently reviewed; source metadata carried forward without certification.,See matching register rows,nigel.zhuwaki,,Unvalidated inputs may materially affect forecasts; output remains provisional.,"Before formal model release or end of six-week build, whichever is earlier",2026-11-12,Source and review every value and missing country slot; update register and remove exception reference only after resolution.,open,2026
EXC-MACRO-FX_ZAR_USD,macro.fx_zar_usd,Legacy input has not been independently reviewed; source metadata carried forward without certification.,See matching register rows,nigel.zhuwaki,,Unvalidated inputs may materially affect forecasts; output remains provisional.,"Before formal model release or end of six-week build, whichever is earlier",2026-11-12,Source and review every value and missing country slot; update register and remove exception reference only after resolution.,open,2026
EXC-MACRO-CRUDE_OIL_LITRES_PER_BARREL,macro.crude_oil_litres_per_barrel,Legacy input has not been independently reviewed; source metadata carried forward without certification.,See matching register rows,nigel.zhuwaki,,Unvalidated inputs may materially affect forecasts; output remains provisional.,"Before formal model release or end of six-week build, whichever is earlier",2026-11-12,Source and review every value and missing country slot; update register and remove exception reference only after resolution.,open,2026
EXC-MARINE-BASE_YEAR_VOLUME,marine.base_year_volume,Provisional input pending sourcing and independent review.,See matching register rows,nigel.zhuwaki,,Unvalidated inputs may materially affect forecasts; output remains provisional.,"Before formal model release or end of six-week build, whichever is earlier",2026-11-12,Source and review every value and missing country slot; update register and remove exception reference only after resolution.,open,2026
EXC-MARINE-ELASTICITY,marine.elasticity,Provisional input pending sourcing and independent review.,See matching register rows,nigel.zhuwaki,,Unvalidated inputs may materially affect forecasts; output remains provisional.,"Before formal model release or end of six-week build, whichever is earlier",2026-11-12,Source and review every value and missing country slot; update register and remove exception reference only after resolution.,open,2026
EXC-MARINE-PRODUCT_SPLIT,marine.product_split,Provisional input pending sourcing and independent review.,See matching register rows,nigel.zhuwaki,,Unvalidated inputs may materially affect forecasts; output remains provisional.,"Before formal model release or end of six-week build, whichever is earlier",2026-11-12,Source and review every value and missing country slot; update register and remove exception reference only after resolution.,open,2026
EXC-SUPPLY-REFINERY_CAPACITY,supply.refinery_capacity,Legacy input has not been independently reviewed; source metadata carried forward without certification.,See matching register rows,nigel.zhuwaki,,Unvalidated inputs may materially affect forecasts; output remains provisional.,"Before formal model release or end of six-week build, whichever is earlier",2026-11-12,Source and review every value and missing country slot; update register and remove exception reference only after resolution.,open,2026
EXC-SUPPLY-REFINERY_PRODUCT_MIX,supply.refinery_product_mix,Legacy input has not been independently reviewed; source metadata carried forward without certification.,See matching register rows,nigel.zhuwaki,,Unvalidated inputs may materially affect forecasts; output remains provisional.,"Before formal model release or end of six-week build, whichever is earlier",2026-11-12,Source and review every value and missing country slot; update register and remove exception reference only after resolution.,open,2026
EXC-SUPPLY-REFINERY_UTILISATION,supply.refinery_utilisation,Legacy input has not been independently reviewed; source metadata carried forward without certification.,See matching register rows,nigel.zhuwaki,,Unvalidated inputs may materially affect forecasts; output remains provisional.,"Before formal model release or end of six-week build, whichever is earlier",2026-11-12,Source and review every value and missing country slot; update register and remove exception reference only after resolution.,open,2026
EXC-SUPPLY-REFINERY_AVAILABILITY,supply.refinery_availability,Legacy input has not been independently reviewed; source metadata carried forward without certification.,See matching register rows,nigel.zhuwaki,,Unvalidated inputs may materially affect forecasts; output remains provisional.,"Before formal model release or end of six-week build, whichever is earlier",2026-11-12,Source and review every value and missing country slot; update register and remove exception reference only after resolution.,open,2026
EXC-VEHICLES-EV_SCURVE,vehicles.ev_scurve,Legacy input has not been independently reviewed; source metadata carried forward without certification.,See matching register rows,nigel.zhuwaki,,Unvalidated inputs may materially affect forecasts; output remains provisional.,"Before formal model release or end of six-week build, whichever is earlier",2026-11-12,Source and review every value and missing country slot; update register and remove exception reference only after resolution.,open,2026
EXC-VEHICLES-NEW_VEHICLE_REGRESSION,vehicles.new_vehicle_regression,Legacy input has not been independently reviewed; source metadata carried forward without certification.,See matching register rows,nigel.zhuwaki,,Unvalidated inputs may materially affect forecasts; output remains provisional.,"Before formal model release or end of six-week build, whichever is earlier",2026-11-12,Source and review every value and missing country slot; update register and remove exception reference only after resolution.,open,2026
EXC-VEHICLES-ANNUAL_KM_PER_VEHICLE,vehicles.annual_km_per_vehicle,Provisional input pending sourcing and independent review.,See matching register rows,nigel.zhuwaki,,Unvalidated inputs may materially affect forecasts; output remains provisional.,"Before formal model release or end of six-week build, whichever is earlier",2026-11-12,Source and review every value and missing country slot; update register and remove exception reference only after resolution.,open,2026
EXC-VEHICLES-FUEL_CONSUMPTION,vehicles.fuel_consumption,Provisional input pending sourcing and independent review.,See matching register rows,nigel.zhuwaki,,Unvalidated inputs may materially affect forecasts; output remains provisional.,"Before formal model release or end of six-week build, whichever is earlier",2026-11-12,Source and review every value and missing country slot; update register and remove exception reference only after resolution.,open,2026
EXC-VEHICLES-PETROL_DIESEL_SPLIT,vehicles.petrol_diesel_split,Provisional input pending sourcing and independent review.,See matching register rows,nigel.zhuwaki,,Unvalidated inputs may materially affect forecasts; output remains provisional.,"Before formal model release or end of six-week build, whichever is earlier",2026-11-12,Source and review every value and missing country slot; update register and remove exception reference only after resolution.,open,2026
EXC-VEHICLES-SCRAPPAGE_RATE,vehicles.scrappage_rate,Provisional input pending sourcing and independent review.,See matching register rows,nigel.zhuwaki,,Unvalidated inputs may materially affect forecasts; output remains provisional.,"Before formal model release or end of six-week build, whichever is earlier",2026-11-12,Source and review every value and missing country slot; update register and remove exception reference only after resolution.,open,2026
EXC-VEHICLES-NEW_VEHICLE_SEGMENT_SPLIT,vehicles.new_vehicle_segment_split,Provisional input pending sourcing and independent review.,See matching register rows,nigel.zhuwaki,,Unvalidated inputs may materially affect forecasts; output remains provisional.,"Before formal model release or end of six-week build, whichever is earlier",2026-11-12,Source and review every value and missing country slot; update register and remove exception reference only after resolution.,open,2026
EXC-VEHICLES-EFFICIENCY_IMPROVEMENT-DIESEL,vehicles.efficiency_improvement.diesel,Legacy input has not been independently reviewed; source metadata carried forward without certification.,See matching register rows,nigel.zhuwaki,,Unvalidated inputs may materially affect forecasts; output remains provisional.,"Before formal model release or end of six-week build, whichever is earlier",2026-11-12,Source and review every value and missing country slot; update register and remove exception reference only after resolution.,open,2026
EXC-VEHICLES-EFFICIENCY_IMPROVEMENT-GASOLINE,vehicles.efficiency_improvement.gasoline,Legacy input has not been independently reviewed; source metadata carried forward without certification.,See matching register rows,nigel.zhuwaki,,Unvalidated inputs may materially affect forecasts; output remains provisional.,"Before formal model release or end of six-week build, whichever is earlier",2026-11-12,Source and review every value and missing country slot; update register and remove exception reference only after resolution.,open,2026
EXC-ENGINE,shared assumptions provider,Shared macro inputs still use the local workbook-derived snapshot; central engine integration is not implemented.,Existing behaviour preserved,nigel.zhuwaki,,Draft migration; not approved for decision use.,"Before formal model release or end of six-week build, whichever is earlier",2026-11-12,Implement and validate the central provider; record snapshot commit and scenario mapping.,open,2026
EXC-LOGIC,legacy model simplifications,"Opening fleet, common EV adoption across classes, flat monthly profiles and other methodology limitations need review.",Existing behaviour preserved,nigel.zhuwaki,,Draft migration; not approved for decision use.,"Before formal model release or end of six-week build, whichever is earlier",2026-11-12,Validate baseline and sector accounting; document accepted simplifications and source scenario paths.,open,2026
EXC-CODE,legacy code constants,"Horizon, history start, station selection and exploratory probe constants remain in code.",Existing behaviour preserved,nigel.zhuwaki,,Draft migration; not approved for decision use.,"Before formal model release or end of six-week build, whichever is earlier",2026-11-12,Migrate judgement constants to governed settings; preserve mathematical conversion constants in code.,open,2026
EXC-SCENARIOS,scenario mapping,Scenarios are locally defined and are not yet mapped to central engine scenario definitions.,Existing behaviour preserved,nigel.zhuwaki,,Draft migration; not approved for decision use.,"Before formal model release or end of six-week build, whichever is earlier",2026-11-12,Agree and record central scenario mappings before release.,open,2026
