series,subject,period,value,unit,source,original_file,page,note
new_light_vehicle_fuel_consumption,New light-duty vehicles,2005,8.8,litres of petrol equivalent per 100 km,"IEA and Global Fuel Economy Initiative, Working Paper 15 (2017), statistical annex",external/data/raw/demand_evidence_20261008/iea-gfei-international-comparison-ldv-fuel-economy-2005-2015.pdf,PDF p.119,"Average of new cars and light commercial vehicles registered that year, on the worldwide test cycle."
new_light_vehicle_fuel_consumption,New light-duty vehicles,2008,8.6,litres of petrol equivalent per 100 km,"IEA and Global Fuel Economy Initiative, Working Paper 15 (2017), statistical annex",external/data/raw/demand_evidence_20261008/iea-gfei-international-comparison-ldv-fuel-economy-2005-2015.pdf,PDF p.119,"Average of new cars and light commercial vehicles registered that year, on the worldwide test cycle."
new_light_vehicle_fuel_consumption,New light-duty vehicles,2010,8.6,litres of petrol equivalent per 100 km,"IEA and Global Fuel Economy Initiative, Working Paper 15 (2017), statistical annex",external/data/raw/demand_evidence_20261008/iea-gfei-international-comparison-ldv-fuel-economy-2005-2015.pdf,PDF p.119,"Average of new cars and light commercial vehicles registered that year, on the worldwide test cycle."
new_light_vehicle_fuel_consumption,New light-duty vehicles,2011,8.2,litres of petrol equivalent per 100 km,"IEA and Global Fuel Economy Initiative, Working Paper 15 (2017), statistical annex",external/data/raw/demand_evidence_20261008/iea-gfei-international-comparison-ldv-fuel-economy-2005-2015.pdf,PDF p.119,"Average of new cars and light commercial vehicles registered that year, on the worldwide test cycle."
new_light_vehicle_fuel_consumption,New light-duty vehicles,2012,7.9,litres of petrol equivalent per 100 km,"IEA and Global Fuel Economy Initiative, Working Paper 15 (2017), statistical annex",external/data/raw/demand_evidence_20261008/iea-gfei-international-comparison-ldv-fuel-economy-2005-2015.pdf,PDF p.119,"Average of new cars and light commercial vehicles registered that year, on the worldwide test cycle."
new_light_vehicle_fuel_consumption,New light-duty vehicles,2013,7.7,litres of petrol equivalent per 100 km,"IEA and Global Fuel Economy Initiative, Working Paper 15 (2017), statistical annex",external/data/raw/demand_evidence_20261008/iea-gfei-international-comparison-ldv-fuel-economy-2005-2015.pdf,PDF p.119,"Average of new cars and light commercial vehicles registered that year, on the worldwide test cycle."
new_light_vehicle_fuel_consumption,New light-duty vehicles,2014,7.8,litres of petrol equivalent per 100 km,"IEA and Global Fuel Economy Initiative, Working Paper 15 (2017), statistical annex",external/data/raw/demand_evidence_20261008/iea-gfei-international-comparison-ldv-fuel-economy-2005-2015.pdf,PDF p.119,"Average of new cars and light commercial vehicles registered that year, on the worldwide test cycle."
new_light_vehicle_fuel_consumption,New light-duty vehicles,2015,7.8,litres of petrol equivalent per 100 km,"IEA and Global Fuel Economy Initiative, Working Paper 15 (2017), statistical annex",external/data/raw/demand_evidence_20261008/iea-gfei-international-comparison-ldv-fuel-economy-2005-2015.pdf,PDF p.119,"Average of new cars and light commercial vehicles registered that year, on the worldwide test cycle."
new_light_vehicle_fuel_consumption,New light-duty vehicles,2019,7.4,litres of petrol equivalent per 100 km,"IEA, Fuel economy in South Africa (Global Fuel Economy Initiative 2021)",external/data/raw/demand_evidence_20261008/iea-fuel-economy-in-south-africa.html,,Published 13 December 2021.
new_light_vehicle_fuel_consumption_change,New light-duty vehicles,2005-2019,-1.3,% a year,"IEA, Fuel economy in South Africa (Global Fuel Economy Initiative 2021)",external/data/raw/demand_evidence_20261008/iea-fuel-economy-in-south-africa.html,,As stated by the IEA.
new_passenger_car_fuel_consumption,New passenger cars,2015,6.3,litres per 100 km,"ICCT white paper, South Africa's new passenger vehicle CO2 emission standards (January 2018)",external/data/raw/demand_evidence_20261008/icct-south-africa-passenger-vehicle-co2-baseline-2018.pdf,PDF p.5,"148 g CO2 per km on the older European test cycle, which reads lower than the worldwide cycle. From naamsa data."
diesel_share_of_new_light_vehicle_sales,New light-duty vehicles,2019,35,%,"IEA, Fuel economy in South Africa (Global Fuel Economy Initiative 2021)",external/data/raw/demand_evidence_20261008/iea-fuel-economy-in-south-africa.html,,
rail_freight_volume,"Transnet Freight Rail, all freight",year to March 2018,226.3,million tonnes,"Transnet annual results 2025, presentation",external/data/raw/sa_review_20261007T181010425382Z/transnet_results_2025.pdf,PDF p.14,"Export iron ore, export coal and general freight together."
rail_freight_volume,"Transnet Freight Rail, all freight",year to March 2019,215.1,million tonnes,"Transnet annual results 2025, presentation",external/data/raw/sa_review_20261007T181010425382Z/transnet_results_2025.pdf,PDF p.14,"Export iron ore, export coal and general freight together."
rail_freight_volume,"Transnet Freight Rail, all freight",year to March 2020,212.4,million tonnes,"Transnet annual results 2025, presentation",external/data/raw/sa_review_20261007T181010425382Z/transnet_results_2025.pdf,PDF p.14,"Export iron ore, export coal and general freight together."
rail_freight_volume,"Transnet Freight Rail, all freight",year to March 2021,183.3,million tonnes,"Transnet annual results 2025, presentation",external/data/raw/sa_review_20261007T181010425382Z/transnet_results_2025.pdf,PDF p.14,"Export iron ore, export coal and general freight together."
rail_freight_volume,"Transnet Freight Rail, all freight",year to March 2022,173.1,million tonnes,"Transnet annual results 2025, presentation",external/data/raw/sa_review_20261007T181010425382Z/transnet_results_2025.pdf,PDF p.14,"Export iron ore, export coal and general freight together."
rail_freight_volume,"Transnet Freight Rail, all freight",year to March 2023,149.5,million tonnes,"Transnet annual results 2025, presentation",external/data/raw/sa_review_20261007T181010425382Z/transnet_results_2025.pdf,PDF p.14,"Export iron ore, export coal and general freight together."
rail_freight_volume,"Transnet Freight Rail, all freight",year to March 2024,151.7,million tonnes,"Transnet annual results 2025, presentation",external/data/raw/sa_review_20261007T181010425382Z/transnet_results_2025.pdf,PDF p.14,"Export iron ore, export coal and general freight together."
rail_freight_volume,"Transnet Freight Rail, all freight",year to March 2025,160.1,million tonnes,"Transnet annual results 2025, presentation",external/data/raw/sa_review_20261007T181010425382Z/transnet_results_2025.pdf,PDF p.14,"Export iron ore, export coal and general freight together."
rail_capacity_target,Transnet,target,250,million tonnes,"Transnet annual results 2025, presentation",external/data/raw/sa_review_20261007T181010425382Z/transnet_results_2025.pdf,PDF p.36,Transnet 'aims to grow its capacity to handle 250 million tons'. The slide gives no year; Nigel cited 2030.
peaker_contract_end,Dedisa and Avon (1.01 GW),August and September 2030,Contracts expire,,"System operator, Medium-Term System Adequacy Outlook 2026-2030 (30 October 2025)",external/data/raw/demand_evidence_20261008/ntcsa-medium-term-system-adequacy-outlook-2026-2030.pdf,PDF p.22,The department's two diesel peaking plants.
kerosene_station_shutdown,Acacia and Port Rex (0.34 GW),2030,Scheduled for shutdown,,"System operator, Medium-Term System Adequacy Outlook 2026-2030 (30 October 2025)",external/data/raw/demand_evidence_20261008/ntcsa-medium-term-system-adequacy-outlook-2026-2030.pdf,PDF p.18,
coal_shutdown,Eskom coal fleet,2029,5.26,GW,"System operator, Medium-Term System Adequacy Outlook 2026-2030 (30 October 2025)",external/data/raw/demand_evidence_20261008/ntcsa-medium-term-system-adequacy-outlook-2026-2030.pdf,PDF p.18,"Camden, Hendrina, Arnot, Grootvlei and Kriel run to the end of 2028; phased shutdown from 2029."
coal_shutdown,Eskom coal fleet,"2030, by March",3.14,GW,"System operator, Medium-Term System Adequacy Outlook 2026-2030 (30 October 2025)",external/data/raw/demand_evidence_20261008/ntcsa-medium-term-system-adequacy-outlook-2026-2030.pdf,"PDF pp.18, 33",Eskom's coal fleet falls from 40.1 GW to 31.7 GW.
gas_plant_commissioning,"Combined-cycle gas turbines: 3 GW Eskom, 3 GW independent (gas bid windows 1 and 2)",2030,6,GW,"System operator, Medium-Term System Adequacy Outlook 2026-2030 (30 October 2025)",external/data/raw/demand_evidence_20261008/ntcsa-medium-term-system-adequacy-outlook-2026-2030.pdf,PDF p.25,"Assumed, not in construction. The outlook studies a delay beyond 2030 as a risk."
turbine_use_outlook,"Diesel turbines (Ankerlig, Gourikwa, Dedisa, Avon)",2026-2030,"Minimal, below 6% in most cases; higher in 2029, and in 2030 if the gas plant is late",,"System operator, Medium-Term System Adequacy Outlook 2026-2030 (30 October 2025)",external/data/raw/demand_evidence_20261008/ntcsa-medium-term-system-adequacy-outlook-2026-2030.pdf,PDF p.35,The system operator's own modelling.
transnet_fuel_consumed,"Transnet, all divisions",year to March 2024,190,million litres,Transnet Integrated Report 2025,external/data/raw/routes_access_20261008/transnet-integrated-report-2025.pdf,PDF p.73,"All fuel, mostly diesel."
transnet_fuel_consumed,"Transnet, all divisions",year to March 2025,199,million litres,Transnet Integrated Report 2025,external/data/raw/routes_access_20261008/transnet-integrated-report-2025.pdf,PDF p.73,"Up 4.37%, mainly an 8.49% rise in fuel for traction."
rail_traction_share_of_transnet_fuel,Freight Rail diesel traction,year to March 2025,69.2,%,Transnet Integrated Report 2025,external/data/raw/routes_access_20261008/transnet-integrated-report-2025.pdf,PDF p.73,"The rest is generators 13.8%, vehicle fleets 10.2%, marine diesel 6.7%, jet fuel 0.1%."
freight_tonne_km_total,"All freight, South Africa",2019,446,billion tonne-km,"Havenga et al., A proposed freight and passenger road-to-rail strategy for South Africa (SA-TIED)",external/data/raw/demand_evidence_20261008/satied-havenga-road-to-rail-strategy.pdf,PDF p.17,"Line haul 305, last mile 132, pipelines and conveyors 9."
freight_tonne_km_rail_friendly,Rail-friendly freight,2019,181,billion tonne-km,"Havenga et al., A proposed freight and passenger road-to-rail strategy for South Africa (SA-TIED)",external/data/raw/demand_evidence_20261008/satied-havenga-road-to-rail-strategy.pdf,PDF p.25,
freight_tonne_km_on_rail,Freight carried by rail,2019,141,billion tonne-km,"Havenga et al., A proposed freight and passenger road-to-rail strategy for South Africa (SA-TIED)",external/data/raw/demand_evidence_20261008/satied-havenga-road-to-rail-strategy.pdf,PDF p.25,78% of rail-friendly tonne-kilometres.
freight_tonne_km_general_freight_rail_potential,General freight that rail should carry,2019,47,billion tonne-km,"Havenga et al., A proposed freight and passenger road-to-rail strategy for South Africa (SA-TIED)",external/data/raw/demand_evidence_20261008/satied-havenga-road-to-rail-strategy.pdf,PDF p.26,"Rail delivered 18, a gap of 30."
vehicle_average_age,All vehicles and passenger vehicles,2022,10.5,years,"Lightstone Auto Insights, April 2022",external/data/raw/demand_evidence_20261008/lightstone-average-vehicle-age.html,,"Ten years and six months, up from nine years and four months for passenger vehicles in 2014 and 2015."
gas_plant_project,"Eskom, Richards Bay combined-cycle plant (3,000 MW)",not beyond 2028,Minister's determination: connect as soon as possible and not beyond 2028,,"NERSA, reasons for decision on the 3,000 MW gas determination (November 2024)",external/data/raw/demand_evidence_20261008/nersa-reasons-eskom-3000mw-gas-determination-2024-11.pdf,"PDF pp.1, 11",Eskom's feasibility study had all four units commissioned by the end of 2028 (p.49). The system operator now assumes 2030.
gas_plant_project,"Independent producers, gas bid window 1 (2,000 MW)",request for proposals issued 14 December 2023,No bidder appointed; no commissioning date,,"Independent Power Producers Office, gas programme site",external/data/raw/demand_evidence_20261008/ipp-gas-programme-page.html,,"Sites anywhere in the country except Coega, which has a separate process. Bids closed on 29 May 2026: see the rows below."
gas_plant_project,"Eskom, Richards Bay combined-cycle plant (3,000 MW)",from 2031,Eskom plans to begin producing electricity from 2031,,"Engineering News, 5 June 2026, reporting Eskom and the Independent Power Producers Office",external/data/raw/demand_evidence_20261008/engineeringnews-eskom-zet-2026-06-05.html,,Three years after the determination's 2028 and a year after the system operator's 2030. The environmental assessment must be redone: the Supreme Court of Appeal set the authorisation aside in 2025. A press report of Eskom's statement.
gas_plant_project,"Eskom, Richards Bay plant: gas supply",5 June 2026,Heads of agreement signed with Zululand Energy Terminal; Eskom is foundation customer of the proposed import terminal at Richards Bay,,"Eskom and Zululand Energy Terminal, joint media statement, 5 June 2026",external/data/raw/demand_evidence_20261008/eskom-zet-heads-of-agreement-2026-06-05.html,,The terminal is not built and the statement gives no date for it or for the plant.
gas_plant_project,"Independent producers, gas bid window 1: bids",bids closed 29 May 2026,"Four bids, 2,830 MW against 2,000 MW sought",,"Independent Power Producers Office, list of bids received on 29 May 2026 (published by the Development Bank of Southern Africa)",external/data/raw/demand_evidence_20261008/dbsa-gas-ippp-bw1-bids-received-2026-05-29.pdf,PDF p.1,"No preferred bidder named. The evaluation was not concluded at 7 October 2026 (Engineering News, reporting the Minister)."
gas_plant_project,"Khanyazwe Flexpower (FlexED), Mpumalanga",bid of 29 May 2026,"440 MW, liquefied natural gas",,"Independent Power Producers Office, list of bids received on 29 May 2026 (published by the Development Bank of Southern Africa)",external/data/raw/demand_evidence_20261008/dbsa-gas-ippp-bw1-bids-received-2026-05-29.pdf,PDF p.1,"A bid, not an award. No commissioning date is published for it."
gas_plant_project,"Pictor consortium, KwaZulu-Natal",bid of 29 May 2026,"990 MW, liquefied natural gas",,"Independent Power Producers Office, list of bids received on 29 May 2026 (published by the Development Bank of Southern Africa)",external/data/raw/demand_evidence_20261008/dbsa-gas-ippp-bw1-bids-received-2026-05-29.pdf,PDF p.1,"A bid, not an award. No commissioning date is published for it. The members of the consortium are not listed."
gas_plant_project,"Kelvin Redevelopment (Kelvin Gas Power), Gauteng",bid of 29 May 2026,"600 MW, natural gas",,"Independent Power Producers Office, list of bids received on 29 May 2026 (published by the Development Bank of Southern Africa)",external/data/raw/demand_evidence_20261008/dbsa-gas-ippp-bw1-bids-received-2026-05-29.pdf,PDF p.1,"A bid, not an award. No commissioning date is published for it."
gas_plant_project,"Komatipoort Power (Vutomi Energy), Mpumalanga",bid of 29 May 2026,"800 MW, natural gas",,"Independent Power Producers Office, list of bids received on 29 May 2026 (published by the Development Bank of Southern Africa)",external/data/raw/demand_evidence_20261008/dbsa-gas-ippp-bw1-bids-received-2026-05-29.pdf,PDF p.1,"A bid, not an award. No commissioning date is published for it."
gas_plant_project,"Independent producers, gas bid window 1: timetable",as reported June 2026,"After preferred bidders are named: more than a year to financial close, then 36 months of construction",,"Engineering News, 5 June 2026, reporting Eskom and the Independent Power Producers Office",external/data/raw/demand_evidence_20261008/engineeringnews-eskom-zet-2026-06-05.html,,Preferred bidders were expected in August 2026 and had not been named by 7 October. On this timetable no plant from the round runs before about 2031 (my reading).
gas_plant_project,"New gas determination (5,000 MW)",announced 7 October 2026,"5,000 MW of gas-to-power prioritised for new bidding rounds, open to Eskom as well",,"Engineering News, 7 October 2026, reporting the Minister of Electricity and Energy",external/data/raw/demand_evidence_20261008/engineeringnews-gas-battery-determination-2026-10-07.html,,"No dates, sites or capacity factor given. Whether it adds to or replaces the earlier 3,000 MW and 2,000 MW is not stated."
gas_plant_project,Integrated Resource Plan 2025: Eskom gas,2029,"3,000 MW added in 2029",,"Department of Electricity and Energy, Integrated Resource Plan 2025 (October 2025)",external/data/raw/demand_evidence_20261008/department-integrated-resource-plan-2025.pdf,"PDF p.41, Table 1","The plan's schedule, not a project date. Eskom itself now says 2031."
gas_plant_project,Integrated Resource Plan 2025: independent producers' gas,2030,"3,000 MW added in 2030; a further 12,250 MW from 2031 to 2042",,"Department of Electricity and Energy, Integrated Resource Plan 2025 (October 2025)",external/data/raw/demand_evidence_20261008/department-integrated-resource-plan-2025.pdf,"PDF pp.27, 41","The plan assumes all 3,000 MW is on the grid by 2030 although only 2,000 MW had been offered to the market. It also studies a case where the gas does not arrive."
gas_plant_project,Integrated Resource Plan 2025: existing diesel peaking plants,no date,Converting them to natural gas should be considered; plans are being developed at most of them,,"Department of Electricity and Energy, Integrated Resource Plan 2025 (October 2025)",external/data/raw/demand_evidence_20261008/department-integrated-resource-plan-2025.pdf,PDF p.46,Covers Avon and the other diesel turbines. No plant is named and no date is given.
gas_plant_project,AIA working timeline (not a published source),2030 and 2032,"Acwa 990 MW, Avon 670 MW and FlexED 450 MW in 2030; Vutomi 800 MW in 2030, high case only; Eskom 3,000 MW in 2032",,"AIA chart, Gas-to-power demand timeline, supplied by Manish on 9 October 2026; its own sources are not stated",external/data/raw/demand_evidence_20261008/aia-gas-to-power-demand-timeline-chart.png,,"For comparison. 2030 matches the plan's date for independent producers; no published source confirms it by project. Acwa's 990 MW is the size of the Pictor bid, which is not confirmed to be Acwa's. Avon is not on the bid list."
load_shedding_energy,Electricity not supplied through load-shedding,2023,10.6,TWh,"CSIR, Utility-scale power generation statistics in South Africa 2024",external/data/raw/demand_evidence_20261008/csir-utility-scale-power-generation-statistics-2024.pdf,PDF p.4,An upper limit: each stage is counted as its full megawatts for the full hour.
load_shedding_energy,Electricity not supplied through load-shedding,2024,2.5,TWh,"CSIR, Utility-scale power generation statistics in South Africa 2024",external/data/raw/demand_evidence_20261008/csir-utility-scale-power-generation-statistics-2024.pdf,PDF p.4,An upper limit: each stage is counted as its full megawatts for the full hour.
coal_station_shutdown,Komati,October 2022,Shut down,,"Eskom, coal-fired power stations page",external/data/raw/demand_evidence_20261008/eskom-coal-fired-power-stations-page.html,,"The last unit, unit 9."
coal_station_shutdown,"Camden, Hendrina, Grootvlei, Arnot and Kriel",by 31 March 2030,Scheduled to shut down,,Eskom Integrated Report 2025; system operator outlook,external/data/refresh_20261005/raw/eskom/eskom-integrated-report-2025.pdf; external/data/raw/demand_evidence_20261008/ntcsa-medium-term-system-adequacy-outlook-2026-2030.pdf,"Eskom PDF pp.32, 44; outlook PDF pp.17, 19","Eskom: the four older stations 'will now continue operating until FY2030'. System operator: all five run to the end of 2028, then shut in phases from 2029."
coal_station_shutdown,Duvha,February 2034,Planned shutdown,,"System operator, Medium-Term System Adequacy Outlook 2026-2030 (30 October 2025)",external/data/raw/demand_evidence_20261008/ntcsa-medium-term-system-adequacy-outlook-2026-2030.pdf,PDF p.19,Its emissions exemption runs to this date.
coal_station_shutdown,Matla,July 2034,Planned shutdown,,"System operator, Medium-Term System Adequacy Outlook 2026-2030 (30 October 2025)",external/data/raw/demand_evidence_20261008/ntcsa-medium-term-system-adequacy-outlook-2026-2030.pdf,PDF p.19,Its emissions exemption runs to this date.
coal_station_shutdown,Tutuka,by 2030,Scheduled for closure under Eskom's Generation 2035 plan,,"Eskom, coal-fired power stations page",external/data/raw/demand_evidence_20261008/eskom-coal-fired-power-stations-page.html,,"The system operator's outlook does not count Tutuka among the stations shutting by 2030, so this may be an older plan."
coal_station_shutdown,"Kendal, Lethabo, Majuba, Matimba and Medupi",no shutdown date given,Emissions exemption to 31 March 2030,,"System operator, Medium-Term System Adequacy Outlook 2026-2030 (30 October 2025)",external/data/raw/demand_evidence_20261008/ntcsa-medium-term-system-adequacy-outlook-2026-2030.pdf,PDF p.19,"An exemption, not a shutdown date. Eskom may apply for more."
coal_station_shutdown,"Nine coal stations, about 22 GW",by 2035,To be shut down,,"Eskom, input on emission standards (24 November 2022)",external/data/raw/demand_evidence_20261008/eskom-mes-applications-input-2022-11-24.pdf,PDF p.12,"Eskom's 2035 plan as it stood in 2022, before the shutdowns were delayed."
