country,period,province,fuel_type,vehicles,source_file,source_page
ZAF,2023-12,EC,petrol,550085,dot-transport-statistics-bulletin-2023.pdf,40 (Table 2.8)
ZAF,2023-12,FS,petrol,358000,dot-transport-statistics-bulletin-2023.pdf,40 (Table 2.8)
ZAF,2023-12,GP,petrol,3466725,dot-transport-statistics-bulletin-2023.pdf,40 (Table 2.8)
ZAF,2023-12,LP,petrol,482248,dot-transport-statistics-bulletin-2023.pdf,40 (Table 2.8)
ZAF,2023-12,MP,petrol,529640,dot-transport-statistics-bulletin-2023.pdf,40 (Table 2.8)
ZAF,2023-12,NC,petrol,156705,dot-transport-statistics-bulletin-2023.pdf,40 (Table 2.8)
ZAF,2023-12,NW,petrol,404398,dot-transport-statistics-bulletin-2023.pdf,40 (Table 2.8)
ZAF,2023-12,WC,petrol,1426954,dot-transport-statistics-bulletin-2023.pdf,40 (Table 2.8)
ZAF,2023-12,KZN,petrol,1181017,dot-transport-statistics-bulletin-2023.pdf,40 (Table 2.8)
ZAF,2023-12,EC,diesel,233959,dot-transport-statistics-bulletin-2023.pdf,40 (Table 2.8)
ZAF,2023-12,FS,diesel,189266,dot-transport-statistics-bulletin-2023.pdf,40 (Table 2.8)
ZAF,2023-12,GP,diesel,1142275,dot-transport-statistics-bulletin-2023.pdf,40 (Table 2.8)
ZAF,2023-12,LP,diesel,240595,dot-transport-statistics-bulletin-2023.pdf,40 (Table 2.8)
ZAF,2023-12,MP,diesel,281750,dot-transport-statistics-bulletin-2023.pdf,40 (Table 2.8)
ZAF,2023-12,NC,diesel,96193,dot-transport-statistics-bulletin-2023.pdf,40 (Table 2.8)
ZAF,2023-12,NW,diesel,184614,dot-transport-statistics-bulletin-2023.pdf,40 (Table 2.8)
ZAF,2023-12,WC,diesel,507006,dot-transport-statistics-bulletin-2023.pdf,40 (Table 2.8)
ZAF,2023-12,KZN,diesel,459888,dot-transport-statistics-bulletin-2023.pdf,40 (Table 2.8)
ZAF,2023-12,EC,all fuel types,860964,dot-transport-statistics-bulletin-2023.pdf,40 (Table 2.8)
ZAF,2023-12,FS,all fuel types,647706,dot-transport-statistics-bulletin-2023.pdf,40 (Table 2.8)
ZAF,2023-12,GP,all fuel types,5066396,dot-transport-statistics-bulletin-2023.pdf,40 (Table 2.8)
ZAF,2023-12,LP,all fuel types,792003,dot-transport-statistics-bulletin-2023.pdf,40 (Table 2.8)
ZAF,2023-12,MP,all fuel types,933519,dot-transport-statistics-bulletin-2023.pdf,40 (Table 2.8)
ZAF,2023-12,NC,all fuel types,295166,dot-transport-statistics-bulletin-2023.pdf,40 (Table 2.8)
ZAF,2023-12,NW,all fuel types,667615,dot-transport-statistics-bulletin-2023.pdf,40 (Table 2.8)
ZAF,2023-12,WC,all fuel types,2152540,dot-transport-statistics-bulletin-2023.pdf,40 (Table 2.8)
ZAF,2023-12,KZN,all fuel types,1772465,dot-transport-statistics-bulletin-2023.pdf,40 (Table 2.8)
