id,priority,decision,evidence_in_brief,analyst_proposal,owner,status,evidence_file
D01,1 National balance,2024 national sales: no figure is used,Department has published nothing after 2023. FIASA is not used as a source (8 October). Road Accident Fund levy: 24.25 and 24.42 bn litres of both fuels in the years to March 2024 and 2025,"Start the forecast from 2023, the last year with department sales; leave 2024 blank",Nigel,Proposed,workstreams/WS1_data_validation/dr01_national_balance_2026-10-08.md
D02,1 National balance,Customs as the trade source from 2014,Balance rebuilt on SARS; a test checks every year against the extract; FIASA kept as a comparison,Accept,Nigel,Ready,workstreams/WS1_data_validation/fuel_balance_2026-10-06.md
D03,1 National balance,Treatment of 2018 and 2019 where customs is below FIASA,"No missing month, tariff line or unit problem; UN Comtrade agrees with customs; FIASA and the 2018 energy balance share one earlier reading",Keep customs; likely a later revision but not proven,Nigel,Proposed,workstreams/WS1_data_validation/fuel_balance_2026-10-06.md
D04,1 National balance,How to describe the diesel gap,"Four indicative comparisons plus the Road Accident Fund levy point to 2-4 bn litres above recorded sales; production, stocks and periods are unmatched",Hypothesis to test; not added to demand,Nigel,Ready,workstreams/WS1_data_validation/fuel_balance_2026-10-06.md
D05,1 National balance,Treatment of the 2014 and 2018 provincial differences,"Provincial sum is above the national file by 0.13-0.14 bn litres in 2014; below it by 0.21-0.22 in 2018, where the quarter 1 district sheet is missing districts. From 8 October the provincial data is the main series and is used as published",Provincial figures stand as published; or scale the one faulty quarter in each year to the national total,Nigel,Unresolved,workstreams/WS1_data_validation/integrity_flag_log_2026-10-06.md
D06,2 Forecast levers,39 replacement values in the diesel jet and petrol tables,"Each lever has an observed baseline; replacements for road freight, rail diversion, aircraft movements, fuel per movement, mileage, GDP growth, battery electric share and yields",Accept or challenge value by value,Nigel; Henry,Proposed,workstreams/WS2_model_development/fuel_lever_response_2026-10-07.md
D07,2 Forecast levers,Nine levers added by the analyst,"Real diesel and petrol price, private backup generation, electric share of new trucks and light commercial vehicles (benchmarked on Brazil, India and Europe), plug-in and conventional hybrids, rail passengers, exports to neighbours; two are well anchored, two are weak",Include in scenario design; treat backup generation and hybrids as weak,Nigel,Proposed,workstreams/WS2_model_development/fuel_lever_response_2026-10-07.md
D08,2 Forecast levers,Secunda utilisation,"Capacity corrected to 150 thousand barrels a day with utilisation re-based so output is unchanged; model gives 62 for 2024, Sasol reports 80",Raise utilisation to match reported output,Nigel,Unresolved,workstreams/WS2_model_development/fuel_lever_response_2026-10-07.md
D09,2 Forecast levers,Reference case,No medium case is agreed; medium values are proposals,Agree after the ranges,Nigel; Henry,Unresolved,workstreams/WS0_governance/workplan/fuel_lever_review_2026-10-07.md
D10,3 Sector baselines,Agriculture and industry starting values,"2021 energy balance: 1.06 and 1.50 bn litres, against placeholders of 0.70 and 2.50; lowers 2024 diesel by 0.63 bn litres. Mining output is 7% lower in 2024 than 2021",Accept both as provisional; or 1.40 for industry,Nigel,Proposed,workstreams/WS1_data_validation/sector_baselines_2026-10-07.md
D11,3 Sector baselines,Power generation starting value,Model has 3.58 bn litres for 2024; Eskom reports 0.68-0.94 and all plants about 1.6 in the peak year,Recalibrate to reported burn at 0.31 litres per kWh,Nigel; Henry,Unresolved,workstreams/WS1_data_validation/sector_baselines_2026-10-07.md
D12,3 Sector baselines,Allowance for on-road use inside agriculture and mining diesel,No published source sizes it; 20% would be about 0.47 bn litres; Road Accident Fund rebates cover 1.46 bn litres across all rebated sectors,None applied; ask SARS for refund data by sector,Nigel,Unresolved,workstreams/WS1_data_validation/sector_baselines_2026-10-07.md
D13,3 Sector baselines,Whether ships' diesel sits inside the inland diesel total,Model carries 0.77 bn litres of marine gas oil; no observed figure,Decide scope before reconciling to sales,Nigel,Unresolved,workstreams/WS1_data_validation/sector_baselines_2026-10-07.md
D14,3 Sector baselines,Whether to calibrate mining and manufacturing on the energy balance,Mining diesel per index point ranges 11-17 million litres between years; manufacturing lines are absent before 2016,Use a multi-year average and hold intensity; mark as provisional,Nigel,Proposed,workstreams/WS2_model_development/demand_baseline_history_2026-10-08.md
D15,4 Tank handling,Provisional monthly turns,Lesedi 1 / 2 / 2.4 and Durban 1 / 2 / 3 on operational capacity; Vopak's stated Durban target was 2-3,Agree as provisional ranges,Nigel,Proposed,workstreams/WS2_model_development/tank_handling_site_assumptions_2026-10-07.md
D16,4 Tank handling,Apply turns to operational fuel capacity instead of gross capacity,"Lesedi 124,000 of 140,000 m3; Durban 146,000 fuel of 360,246 m3 gross",Change the pack's handling page,Nigel,Proposed,workstreams/WS2_model_development/tank_handling_site_assumptions_2026-10-07.md
D17,4 Tank handling,Send the data request to Vopak,Eight values marked to confirm with client; Vopak's website publishes no operating data,Send now,Nigel,Unresolved,workstreams/WS2_model_development/tank_handling_site_assumptions_2026-10-07.md
D18,5 Hand-back,Provincial sales for 2023,"Six methods back-tested; quarter 1 2023 shares are best (2.5 share points misallocated for petrol, 5.3 for diesel). 2024 and 2025 are blank: there is no department national total to split",Use as labelled estimates; ask the department for district data,Nigel,Proposed,workstreams/WS2_model_development/demand_baseline_history_2026-10-08.md
D19,5 Hand-back,Source selection in the demand workbook,Set to Department for 2022-2023 in the extended copy. The added sheets use no FIASA figure; 2024 on Nigel's own sheet is still set to FIASA,Accept; decide what Nigel's sheet should show for 2024 now that FIASA is not used,Nigel,Proposed,workstreams/WS2_model_development/demand_baseline_history_2026-10-08.md
D20,5 Hand-back,Committing the remaining original files,Nigel committed the refresh originals on main on 7 October,Closed,Nigel,Ready,
D21,1 National balance,Marine baseline elasticities and road parameters,Carried over from 6 October; no new evidence,Unchanged,Nigel,Unresolved,workstreams/WS1_data_validation/integrity_flag_log_2026-10-06.md
D22,3 Sector baselines,Power fleet: the three cases and the assumptions behind them,"Fleet defined: Ankerlig Gourikwa Avon Dedisa (3,089 MW). Low / medium / high give 20 / 637 / 4,224 million litres from 2031. Unsourced: 10% of output on diesel when gas is available; 40% load factor on gas; 0.31 litres per kWh; Avon and Dedisa continuing after 2030-2031; 6 GW of gas turbines sited at Camden Grootvlei Hendrina Arnot and Kriel; no gas reaching them in the high case",Accept the fleet; confirm or change each case setting; replaces the two placeholder stations in the model,Nigel; Henry,Unresolved,workstreams/WS2_model_development/demand_baseline_history_2026-10-08.md
D23,1 National balance,Production after 2021: no figure is used,Department energy balances end at 2021; all fifteen files re-downloaded and matched on 8 October. JODI reports refinery output to 2024 but is not used (8 October); it is shown as a comparison row only,Leave 2022 onward blank until the department publishes a balance or refiners give output by product (DR08),Nigel,Proposed,workstreams/WS1_data_validation/dr01_national_balance_2026-10-08.md
