id,stage,topic,status,evidence,action,source_paths,model_state,owner,expiry_trigger,limitation
S01,Situation,Historical petrol and diesel demand,partly evidenced,Department annual 2005-2023; FIASA 2009-2024,Build matched-source trend; retain revisions and COVID dip,assumptions/2026/timeseries/fuel_sales_department.csv; assumptions/2026/timeseries/fuel_sales_fiasa.csv,None; historical reporting,Nigel / Manish,Before baseline selection,Do not splice sources to imply a continuous verified series
S02,Situation,GDP and investment context,new evidence staged,GDP actual series; 32 WDI FDI/GFCF observations,Build matched GDP/demand and investment exhibits,assumptions/2026/timeseries/macro_statssa.csv; assumptions/2026/timeseries/investment_review_2026_10_07.csv,GDP already influences vehicle entries and sector demand,Nigel / Manish,Before selecting growth paths,FDI is not automatically new capex; independent verification pending
S03,Situation,Business/investor confidence,open,No matched confidence series adopted,Select a published confidence series and frequency,workstreams/WS1_data_validation/sa_review_sources_2026_10_07.json,Context only until calibrated,Nigel / Manish,Before economic storyline closure,Do not proxy investor confidence mechanically from FDI
S04,Situation,Eskom diesel volume value and EAF,new evidence staged,Ten FYs EAF and diesel-plus-kerosene; FY2023-25 own OCGT costs,Build three aligned panels; reconcile FY2026 fuel volumes and cost boundary,assumptions/2026/timeseries/eskom_fuel_eaf_review_2026_10_07.csv,Current engine uses OCGT load factor; EAF not directly wired,Nigel / Manish,Before generation calibration,Fuel volumes are Eskom-only and include kerosene; cost includes storage/demurrage
S05,Situation,Freight history and corridors,partial; definition open,Stats SA payload history; Transnet 250 Mt network ambition located,Confirm four road corridors and obtain tonne-km/commodity overlaps,assumptions/2026/timeseries/freight_payload_statssa_review.csv; pptx/story/evidence_2026_10_06/activity_statssa_monthly.csv,Net rail diesel calculation implemented; not forecast-wired,Nigel / Manish,Before road-to-rail adoption,All new rail tonnes are not displaced road tonnes; financial/calendar years differ
S06,Situation,Fuel prices and EV economics,price exhibit built; calibration open,Existing monthly and full-year price series,Build prices exhibit; obtain matched OEM purchase/consumption and charging data,assumptions/2026/timeseries/fuel_prices_department_annual.csv,Energy-cost/payback calculation implemented; no adoption elasticity,Nigel / Manish,Before changing EV paths,Diesel wholesale and petrol retail are different price bases; no total-cost claim
S07,Situation,Vehicle efficiency and turnover,engine present; evidence partial,Cohort efficiency already modelled; OEM future ranges missing,Expose fleet diagnostics; source OEM real-world and new-cohort improvements,src/lfm/model/demand/vehicles.py; assumptions/2026/vehicles.yaml,Existing cohort engine; new cohorts only,Nigel / Manish,Before calibration approval,Current EV curve is common across vehicle segments; no price linkage
S08,Situation,Domestic supply and import timeline,partial; primary evidence expanded,Refinery capacity/imports; Secunda/Natref output; PetroSA non-operation,Add operating events; retain full-output versus product-output boundaries,pptx/story/evidence_2026_10_06/refinery_output_operators.csv; assumptions/2026/timeseries/refinery_capacity_reported.csv,Existing national refinery balance; annual per-product paths needed,Nigel / Manish,Before import forecast adoption,Capacity is not output; FY and CY not interchangeable
C01,Complication,Transport demand reversals,mechanics partially implemented,Registered L/M/H snapshots and new rail/EV review functions,Source annual paths and calibrate actual modal transfers and adoption,assumptions/2026/fuel_lever_design.yaml; src/lfm/model/scenario_levers.py,No automatic integration of snapshots,Nigel / Manish / Henry,Before scenario integration,"L/M/H is input level, not demand outcome"
C02,Complication,Power recovery or renewed load shedding,open integration,Generation load-factor model and new history,Obtain fleet outage/retirement and replacement-generation delivery paths,src/lfm/model/demand/generation.py,EAF/retirement/residual dispatch bridge still required,Nigel / Manish / Henry,Before power scenario use,IPP and private backup separate; unused load_shedding series has unresolved units
C03,Complication,SAPREF Natref and Secunda/MRG,primary research staged; calibration open,CEF redevelopment roadmap; Sasol Natref outage and MRG bridge,Quantify plant/product scenarios; await user refinery data,workstreams/WS1_data_validation/sa_supply_findings_2026_10_07.json,Explicit marginal diversion calculation implemented; coefficient absent,Nigel / Manish / Henry,Before domestic output scenario adoption,No FID assumed; MRG liquid-fuel penalty is a hypothesis requiring process data
C04,Complication,Durban Matola and Walvis Bay competition,origin-destination price bearability specification adopted; calibration open,Existing schematic routes and public infrastructure,Compare matched product/destination costs rights capacities and reliability,pptx/story/evidence_2026_10_06; workstreams/WS5_infrastructure_logistics/README.md,No calibrated port-routing engine,Nigel / Manish,Before corridor flow allocation,Current schematic road-cost surfaces cannot establish accessible volumes
R01,Resolution,Lesedi catchment,provisional scope adopted,User selected Gauteng for now,Use GP provincial series; quantify addressable subset and deliveries,assumptions/2026/sa_review.yaml,Province filter in review reporting,Nigel,Before commercial market-share use,"Gauteng is a reporting boundary, not proven terminal reach"
R02,Resolution,Durban and Lesedi throughput market shares,initial inference tested; measured throughput share remains open,Durban two-operator gross capacity proxy 45.1%; Lesedi 2.06% of 2022 Gauteng demand per effective gross turn,"Validate eligible tankage, turns and destination allocation; refresh demand denominator",src/lfm/model/scenario_levers.py,Capacity inference disclosed in story; not an actual throughput share or calibrated forecast,Nigel / client,Before share publication,Remove transfers; do not confuse tankage share and throughput share
R03,Resolution,Investment scope and returns,financial forecast structure specified; commercial inputs open,Published tankage and existing illustrative turn sensitivity,Obtain working capacity constraints tariffs contracts capex and hurdle rate,src/lfm/model/supply/terminal_handling.py,Gross handling sensitivity only; no investment recommendation,Nigel / client,Before investment recommendation,Market headroom alone does not justify new tanks
G01,Delivery,Evidence and scenario audit,completed initial trace; ongoing,Both current scenarios traced; metadata syntax issue repaired,Keep audit and exception status explicit; re-run relevant checks,runs/source_audit_20261007T180807336572Z/audit.json,29 of 72 original blocks accessed; leaf influence not proven,Nigel / Manish,Before integration and release,Scope sign-off is not data validation or business approval
