page,comment,disposition,status,owner,resolution_trigger
1,This blue looks like its not the logo blue,Logo blue #0A2373 confirmed on cover and applied consistently to theme, headings and active navigation.,Applied to copy/design; analytical modules remain scoped where noted,Nigel / analyst,Review revised pack; validate inputs before quantitative adoption
2,Page number looks really big i mean small but even the logo too - check best practices,"Page number set to 11pt and logo widened to 75pt, with footer spacing rebalanced.",Applied to copy/design; analytical modules remain scoped where noted,Nigel / analyst,Review revised pack; validate inputs before quantitative adoption
3,structure do we mean - decline in manufacturing - what about headwinds in agriculture - and what do we mean by economic weakness,Economic weakness and structural change defined; agriculture/manufacturing attribution qualified; geopolitical price shocks distinguished from sustained EV ownership economics and adoption.,Applied to copy/design; analytical modules remain scoped where noted,Nigel / analyst,Review revised pack; validate inputs before quantitative adoption
3,"Geopolitical shocks - okay how do we distinguish?

Adoption response - this is key, right, for EVs?",Economic weakness and structural change defined; agriculture/manufacturing attribution qualified; geopolitical price shocks distinguished from sustained EV ownership economics and adoption.,Applied to copy/design; analytical modules remain scoped where noted,Nigel / analyst,Review revised pack; validate inputs before quantitative adoption
4,Lets have SCR as shapes with active one highlighted - delete | Establish .....,Situation/Complication/Resolution navigation shapes replace prior navigation; redundant section subtitle removed.,Applied to copy/design; analytical modules remain scoped where noted,Nigel / analyst,Review revised pack; validate inputs before quantitative adoption
5,SCR block,SCR shapes applied.,Applied to copy/design; analytical modules remain scoped where noted,Nigel / analyst,Review revised pack; validate inputs before quantitative adoption
6,The Durban corridor rail and road will be contested and of interest to Vopak - transnet annual statements and current network statement v4 have this information,Durban–Gauteng prioritised; Network Statement v4 and funding brief specified; mining/agriculture/aviation separated; SCR applied.,Applied to copy/design; analytical modules remain scoped where noted,Nigel / analyst,Review revised pack; validate inputs before quantitative adoption
6,sector activity of interest to us is mining and agriculture and aviation,Durban–Gauteng prioritised; Network Statement v4 and funding brief specified; mining/agriculture/aviation separated; SCR applied.,Applied to copy/design; analytical modules remain scoped where noted,Nigel / analyst,Review revised pack; validate inputs before quantitative adoption
6,SCR block,Durban–Gauteng prioritised; Network Statement v4 and funding brief specified; mining/agriculture/aviation separated; SCR applied.,Applied to copy/design; analytical modules remain scoped where noted,Nigel / analyst,Review revised pack; validate inputs before quantitative adoption
7,SCR block,Standalone power complication retained; SCR applied.,Applied to copy/design; analytical modules remain scoped where noted,Nigel / analyst,Review revised pack; validate inputs before quantitative adoption
8,SCR block,Secunda driver corrected and SAPREF/Natref scope confirmed; SCR applied.,Applied to copy/design; analytical modules remain scoped where noted,Nigel / analyst,Review revised pack; validate inputs before quantitative adoption
9,Okay i see the corridor question is raised here,Origin–destination price bearability submodel specified; Durban/Matola/Walvis comparisons retained; SCR applied.,Applied to copy/design; analytical modules remain scoped where noted,Nigel / analyst,Review revised pack; validate inputs before quantitative adoption
9,SCR Block,Origin–destination price bearability submodel specified; Durban/Matola/Walvis comparisons retained; SCR applied.,Applied to copy/design; analytical modules remain scoped where noted,Nigel / analyst,Review revised pack; validate inputs before quantitative adoption
9,This is a sub model that should take in origin and destination and conduct like a bearability analysis (price) ,Origin–destination price bearability submodel specified; Durban/Matola/Walvis comparisons retained; SCR applied.,Applied to copy/design; analytical modules remain scoped where noted,Nigel / analyst,Review revised pack; validate inputs before quantitative adoption
10,This must translate into a finance forecast,Catchment dashboard specifications and financial forecast bridge added. Commercial input gap explicit; SCR applied.,Applied to copy/design; analytical modules remain scoped where noted,Nigel / analyst,Review revised pack; validate inputs before quantitative adoption
10,SCR block,Catchment dashboard specifications and financial forecast bridge added. Commercial input gap explicit; SCR applied.,Applied to copy/design; analytical modules remain scoped where noted,Nigel / analyst,Review revised pack; validate inputs before quantitative adoption
10,This is a key data dashboard-like report for a deep dive,Catchment dashboard specifications and financial forecast bridge added. Commercial input gap explicit; SCR applied.,Applied to copy/design; analytical modules remain scoped where noted,Nigel / analyst,Review revised pack; validate inputs before quantitative adoption
10,dashboard like deep dive too - investment board grade,Catchment dashboard specifications and financial forecast bridge added. Commercial input gap explicit; SCR applied.,Applied to copy/design; analytical modules remain scoped where noted,Nigel / analyst,Review revised pack; validate inputs before quantitative adoption
