demand_world,supply_world,option,year,incremental_pre_tax_cashflow_zar
Low,High,Existing,0,0
Low,High,Existing,1,0.0
Low,High,Existing,2,0.0
Low,High,Existing,3,0.0
Low,High,Existing,4,0.0
Low,High,Existing,5,0.0
Low,High,Existing,6,0.0
Low,High,Existing,7,0.0
Low,High,Existing,8,0.0
Low,High,Existing,9,0.0
Low,High,Existing,10,0.0
Low,High,Existing,11,0.0
Low,High,Existing,12,0.0
Low,High,Existing,13,0.0
Low,High,Existing,14,0.0
Low,High,Existing,15,0.0
Low,High,Existing,16,0.0
Low,High,Existing,17,0.0
Low,High,Existing,18,0.0
Low,High,Existing,19,0.0
Low,High,Existing,20,0.0
Low,High,Improve access / dispatch,0,-100000000
Low,High,Improve access / dispatch,1,-6000000.0
Low,High,Improve access / dispatch,2,-6000000.0
Low,High,Improve access / dispatch,3,-6000000.0
Low,High,Improve access / dispatch,4,-6000000.0
Low,High,Improve access / dispatch,5,-6000000.0
Low,High,Improve access / dispatch,6,-6000000.0
Low,High,Improve access / dispatch,7,-6000000.0
Low,High,Improve access / dispatch,8,-6000000.0
Low,High,Improve access / dispatch,9,-6000000.0
Low,High,Improve access / dispatch,10,-6000000.0
Low,High,Improve access / dispatch,11,-6000000.0
Low,High,Improve access / dispatch,12,-6000000.0
Low,High,Improve access / dispatch,13,-6000000.0
Low,High,Improve access / dispatch,14,-6000000.0
Low,High,Improve access / dispatch,15,-6000000.0
Low,High,Improve access / dispatch,16,-6000000.0
Low,High,Improve access / dispatch,17,-6000000.0
Low,High,Improve access / dispatch,18,-6000000.0
Low,High,Improve access / dispatch,19,-6000000.0
Low,High,Improve access / dispatch,20,-6000000.0
Low,High,Improve + add tanks,0,-600000000
Low,High,Improve + add tanks,1,-23000000.0
Low,High,Improve + add tanks,2,-23000000.0
Low,High,Improve + add tanks,3,-23000000.0
Low,High,Improve + add tanks,4,-23000000.0
Low,High,Improve + add tanks,5,-23000000.0
Low,High,Improve + add tanks,6,-23000000.0
Low,High,Improve + add tanks,7,-23000000.0
Low,High,Improve + add tanks,8,-23000000.0
Low,High,Improve + add tanks,9,-23000000.0
Low,High,Improve + add tanks,10,-23000000.0
Low,High,Improve + add tanks,11,-23000000.0
Low,High,Improve + add tanks,12,-23000000.0
Low,High,Improve + add tanks,13,-23000000.0
Low,High,Improve + add tanks,14,-23000000.0
Low,High,Improve + add tanks,15,-23000000.0
Low,High,Improve + add tanks,16,-23000000.0
Low,High,Improve + add tanks,17,-23000000.0
Low,High,Improve + add tanks,18,-23000000.0
Low,High,Improve + add tanks,19,-23000000.0
Low,High,Improve + add tanks,20,-23000000.0
Low,Medium,Existing,0,0
Low,Medium,Existing,1,0.0
Low,Medium,Existing,2,0.0
Low,Medium,Existing,3,0.0
Low,Medium,Existing,4,0.0
Low,Medium,Existing,5,0.0
Low,Medium,Existing,6,0.0
Low,Medium,Existing,7,0.0
Low,Medium,Existing,8,0.0
Low,Medium,Existing,9,0.0
Low,Medium,Existing,10,0.0
Low,Medium,Existing,11,0.0
Low,Medium,Existing,12,0.0
Low,Medium,Existing,13,0.0
Low,Medium,Existing,14,0.0
Low,Medium,Existing,15,0.0
Low,Medium,Existing,16,0.0
Low,Medium,Existing,17,0.0
Low,Medium,Existing,18,0.0
Low,Medium,Existing,19,0.0
Low,Medium,Existing,20,0.0
Low,Medium,Improve access / dispatch,0,-100000000
Low,Medium,Improve access / dispatch,1,-6000000.0
Low,Medium,Improve access / dispatch,2,-6000000.0
Low,Medium,Improve access / dispatch,3,-6000000.0
Low,Medium,Improve access / dispatch,4,-6000000.0
Low,Medium,Improve access / dispatch,5,-6000000.0
Low,Medium,Improve access / dispatch,6,-6000000.0
Low,Medium,Improve access / dispatch,7,-6000000.0
Low,Medium,Improve access / dispatch,8,-6000000.0
Low,Medium,Improve access / dispatch,9,-6000000.0
Low,Medium,Improve access / dispatch,10,-6000000.0
Low,Medium,Improve access / dispatch,11,-6000000.0
Low,Medium,Improve access / dispatch,12,-6000000.0
Low,Medium,Improve access / dispatch,13,-6000000.0
Low,Medium,Improve access / dispatch,14,-6000000.0
Low,Medium,Improve access / dispatch,15,-6000000.0
Low,Medium,Improve access / dispatch,16,-6000000.0
Low,Medium,Improve access / dispatch,17,-6000000.0
Low,Medium,Improve access / dispatch,18,-6000000.0
Low,Medium,Improve access / dispatch,19,-6000000.0
Low,Medium,Improve access / dispatch,20,-6000000.0
Low,Medium,Improve + add tanks,0,-600000000
Low,Medium,Improve + add tanks,1,-23000000.0
Low,Medium,Improve + add tanks,2,-23000000.0
Low,Medium,Improve + add tanks,3,-23000000.0
Low,Medium,Improve + add tanks,4,-23000000.0
Low,Medium,Improve + add tanks,5,-23000000.0
Low,Medium,Improve + add tanks,6,-23000000.0
Low,Medium,Improve + add tanks,7,-23000000.0
Low,Medium,Improve + add tanks,8,-23000000.0
Low,Medium,Improve + add tanks,9,-23000000.0
Low,Medium,Improve + add tanks,10,-23000000.0
Low,Medium,Improve + add tanks,11,-23000000.0
Low,Medium,Improve + add tanks,12,-23000000.0
Low,Medium,Improve + add tanks,13,-23000000.0
Low,Medium,Improve + add tanks,14,-23000000.0
Low,Medium,Improve + add tanks,15,-23000000.0
Low,Medium,Improve + add tanks,16,-23000000.0
Low,Medium,Improve + add tanks,17,-23000000.0
Low,Medium,Improve + add tanks,18,-23000000.0
Low,Medium,Improve + add tanks,19,-23000000.0
Low,Medium,Improve + add tanks,20,-23000000.0
Low,Low,Existing,0,0
Low,Low,Existing,1,0.0
Low,Low,Existing,2,0.0
Low,Low,Existing,3,0.0
Low,Low,Existing,4,0.0
Low,Low,Existing,5,0.0
Low,Low,Existing,6,0.0
Low,Low,Existing,7,0.0
Low,Low,Existing,8,0.0
Low,Low,Existing,9,0.0
Low,Low,Existing,10,0.0
Low,Low,Existing,11,0.0
Low,Low,Existing,12,0.0
Low,Low,Existing,13,0.0
Low,Low,Existing,14,0.0
Low,Low,Existing,15,0.0
Low,Low,Existing,16,0.0
Low,Low,Existing,17,0.0
Low,Low,Existing,18,0.0
Low,Low,Existing,19,0.0
Low,Low,Existing,20,0.0
Low,Low,Improve access / dispatch,0,-100000000
Low,Low,Improve access / dispatch,1,-2508000.0
Low,Low,Improve access / dispatch,2,-762000.0
Low,Low,Improve access / dispatch,3,984000.0
Low,Low,Improve access / dispatch,4,984000.0
Low,Low,Improve access / dispatch,5,984000.0
Low,Low,Improve access / dispatch,6,984000.0
Low,Low,Improve access / dispatch,7,984000.0
Low,Low,Improve access / dispatch,8,984000.0
Low,Low,Improve access / dispatch,9,984000.0
Low,Low,Improve access / dispatch,10,984000.0
Low,Low,Improve access / dispatch,11,984000.0
Low,Low,Improve access / dispatch,12,984000.0
Low,Low,Improve access / dispatch,13,984000.0
Low,Low,Improve access / dispatch,14,984000.0
Low,Low,Improve access / dispatch,15,984000.0
Low,Low,Improve access / dispatch,16,984000.0
Low,Low,Improve access / dispatch,17,984000.0
Low,Low,Improve access / dispatch,18,984000.0
Low,Low,Improve access / dispatch,19,984000.0
Low,Low,Improve access / dispatch,20,984000.0
Low,Low,Improve + add tanks,0,-600000000
Low,Low,Improve + add tanks,1,-19508000.0
Low,Low,Improve + add tanks,2,-17762000.0
Low,Low,Improve + add tanks,3,-16016000.0
Low,Low,Improve + add tanks,4,-16016000.0
Low,Low,Improve + add tanks,5,-16016000.0
Low,Low,Improve + add tanks,6,-16016000.0
Low,Low,Improve + add tanks,7,-16016000.0
Low,Low,Improve + add tanks,8,-16016000.0
Low,Low,Improve + add tanks,9,-16016000.0
Low,Low,Improve + add tanks,10,-16016000.0
Low,Low,Improve + add tanks,11,-16016000.0
Low,Low,Improve + add tanks,12,-16016000.0
Low,Low,Improve + add tanks,13,-16016000.0
Low,Low,Improve + add tanks,14,-16016000.0
Low,Low,Improve + add tanks,15,-16016000.0
Low,Low,Improve + add tanks,16,-16016000.0
Low,Low,Improve + add tanks,17,-16016000.0
Low,Low,Improve + add tanks,18,-16016000.0
Low,Low,Improve + add tanks,19,-16016000.0
Low,Low,Improve + add tanks,20,-16016000.0
Medium,High,Existing,0,0
Medium,High,Existing,1,0.0
Medium,High,Existing,2,0.0
Medium,High,Existing,3,0.0
Medium,High,Existing,4,0.0
Medium,High,Existing,5,0.0
Medium,High,Existing,6,0.0
Medium,High,Existing,7,0.0
Medium,High,Existing,8,0.0
Medium,High,Existing,9,0.0
Medium,High,Existing,10,0.0
Medium,High,Existing,11,0.0
Medium,High,Existing,12,0.0
Medium,High,Existing,13,0.0
Medium,High,Existing,14,0.0
Medium,High,Existing,15,0.0
Medium,High,Existing,16,0.0
Medium,High,Existing,17,0.0
Medium,High,Existing,18,0.0
Medium,High,Existing,19,0.0
Medium,High,Existing,20,0.0
Medium,High,Improve access / dispatch,0,-100000000
Medium,High,Improve access / dispatch,1,-6000000.0
Medium,High,Improve access / dispatch,2,-6000000.0
Medium,High,Improve access / dispatch,3,-6000000.0
Medium,High,Improve access / dispatch,4,-6000000.0
Medium,High,Improve access / dispatch,5,-6000000.0
Medium,High,Improve access / dispatch,6,-6000000.0
Medium,High,Improve access / dispatch,7,-6000000.0
Medium,High,Improve access / dispatch,8,-6000000.0
Medium,High,Improve access / dispatch,9,-6000000.0
Medium,High,Improve access / dispatch,10,-6000000.0
Medium,High,Improve access / dispatch,11,-6000000.0
Medium,High,Improve access / dispatch,12,-6000000.0
Medium,High,Improve access / dispatch,13,-6000000.0
Medium,High,Improve access / dispatch,14,-6000000.0
Medium,High,Improve access / dispatch,15,-6000000.0
Medium,High,Improve access / dispatch,16,-6000000.0
Medium,High,Improve access / dispatch,17,-6000000.0
Medium,High,Improve access / dispatch,18,-6000000.0
Medium,High,Improve access / dispatch,19,-6000000.0
Medium,High,Improve access / dispatch,20,-6000000.0
Medium,High,Improve + add tanks,0,-600000000
Medium,High,Improve + add tanks,1,-23000000.0
Medium,High,Improve + add tanks,2,-23000000.0
Medium,High,Improve + add tanks,3,-23000000.0
Medium,High,Improve + add tanks,4,-23000000.0
Medium,High,Improve + add tanks,5,-23000000.0
Medium,High,Improve + add tanks,6,-23000000.0
Medium,High,Improve + add tanks,7,-23000000.0
Medium,High,Improve + add tanks,8,-23000000.0
Medium,High,Improve + add tanks,9,-23000000.0
Medium,High,Improve + add tanks,10,-23000000.0
Medium,High,Improve + add tanks,11,-23000000.0
Medium,High,Improve + add tanks,12,-23000000.0
Medium,High,Improve + add tanks,13,-23000000.0
Medium,High,Improve + add tanks,14,-23000000.0
Medium,High,Improve + add tanks,15,-23000000.0
Medium,High,Improve + add tanks,16,-23000000.0
Medium,High,Improve + add tanks,17,-23000000.0
Medium,High,Improve + add tanks,18,-23000000.0
Medium,High,Improve + add tanks,19,-23000000.0
Medium,High,Improve + add tanks,20,-23000000.0
Medium,Medium,Existing,0,0
Medium,Medium,Existing,1,0.0
Medium,Medium,Existing,2,0.0
Medium,Medium,Existing,3,0.0
Medium,Medium,Existing,4,0.0
Medium,Medium,Existing,5,0.0
Medium,Medium,Existing,6,0.0
Medium,Medium,Existing,7,0.0
Medium,Medium,Existing,8,0.0
Medium,Medium,Existing,9,0.0
Medium,Medium,Existing,10,0.0
Medium,Medium,Existing,11,0.0
Medium,Medium,Existing,12,0.0
Medium,Medium,Existing,13,0.0
Medium,Medium,Existing,14,0.0
Medium,Medium,Existing,15,0.0
Medium,Medium,Existing,16,0.0
Medium,Medium,Existing,17,0.0
Medium,Medium,Existing,18,0.0
Medium,Medium,Existing,19,0.0
Medium,Medium,Existing,20,0.0
Medium,Medium,Improve access / dispatch,0,-100000000
Medium,Medium,Improve access / dispatch,1,-5676000.000000007
Medium,Medium,Improve access / dispatch,2,-5514000.00000001
Medium,Medium,Improve access / dispatch,3,-5352000.000000014
Medium,Medium,Improve access / dispatch,4,-5352000.000000014
Medium,Medium,Improve access / dispatch,5,-5352000.000000014
Medium,Medium,Improve access / dispatch,6,-5352000.000000014
Medium,Medium,Improve access / dispatch,7,-5352000.000000014
Medium,Medium,Improve access / dispatch,8,-5352000.000000014
Medium,Medium,Improve access / dispatch,9,-5352000.000000014
Medium,Medium,Improve access / dispatch,10,-5352000.000000014
Medium,Medium,Improve access / dispatch,11,-5352000.000000014
Medium,Medium,Improve access / dispatch,12,-5352000.000000014
Medium,Medium,Improve access / dispatch,13,-5352000.000000014
Medium,Medium,Improve access / dispatch,14,-5352000.000000014
Medium,Medium,Improve access / dispatch,15,-5352000.000000014
Medium,Medium,Improve access / dispatch,16,-5352000.000000014
Medium,Medium,Improve access / dispatch,17,-5352000.000000014
Medium,Medium,Improve access / dispatch,18,-5352000.000000014
Medium,Medium,Improve access / dispatch,19,-5352000.000000014
Medium,Medium,Improve access / dispatch,20,-5352000.000000014
Medium,Medium,Improve + add tanks,0,-600000000
Medium,Medium,Improve + add tanks,1,-22676000.000000007
Medium,Medium,Improve + add tanks,2,-22514000.00000001
Medium,Medium,Improve + add tanks,3,-22352000.000000015
Medium,Medium,Improve + add tanks,4,-22352000.000000015
Medium,Medium,Improve + add tanks,5,-22352000.000000015
Medium,Medium,Improve + add tanks,6,-22352000.000000015
Medium,Medium,Improve + add tanks,7,-22352000.000000015
Medium,Medium,Improve + add tanks,8,-22352000.000000015
Medium,Medium,Improve + add tanks,9,-22352000.000000015
Medium,Medium,Improve + add tanks,10,-22352000.000000015
Medium,Medium,Improve + add tanks,11,-22352000.000000015
Medium,Medium,Improve + add tanks,12,-22352000.000000015
Medium,Medium,Improve + add tanks,13,-22352000.000000015
Medium,Medium,Improve + add tanks,14,-22352000.000000015
Medium,Medium,Improve + add tanks,15,-22352000.000000015
Medium,Medium,Improve + add tanks,16,-22352000.000000015
Medium,Medium,Improve + add tanks,17,-22352000.000000015
Medium,Medium,Improve + add tanks,18,-22352000.000000015
Medium,Medium,Improve + add tanks,19,-22352000.000000015
Medium,Medium,Improve + add tanks,20,-22352000.000000015
Medium,Low,Existing,0,0
Medium,Low,Existing,1,0.0
Medium,Low,Existing,2,0.0
Medium,Low,Existing,3,0.0
Medium,Low,Existing,4,0.0
Medium,Low,Existing,5,0.0
Medium,Low,Existing,6,0.0
Medium,Low,Existing,7,0.0
Medium,Low,Existing,8,0.0
Medium,Low,Existing,9,0.0
Medium,Low,Existing,10,0.0
Medium,Low,Existing,11,0.0
Medium,Low,Existing,12,0.0
Medium,Low,Existing,13,0.0
Medium,Low,Existing,14,0.0
Medium,Low,Existing,15,0.0
Medium,Low,Existing,16,0.0
Medium,Low,Existing,17,0.0
Medium,Low,Existing,18,0.0
Medium,Low,Existing,19,0.0
Medium,Low,Existing,20,0.0
Medium,Low,Improve access / dispatch,0,-100000000
Medium,Low,Improve access / dispatch,1,5340000.0
Medium,Low,Improve access / dispatch,2,11010000.0
Medium,Low,Improve access / dispatch,3,16680000.0
Medium,Low,Improve access / dispatch,4,16680000.0
Medium,Low,Improve access / dispatch,5,16680000.0
Medium,Low,Improve access / dispatch,6,16680000.0
Medium,Low,Improve access / dispatch,7,16680000.0
Medium,Low,Improve access / dispatch,8,16680000.0
Medium,Low,Improve access / dispatch,9,16680000.0
Medium,Low,Improve access / dispatch,10,16680000.0
Medium,Low,Improve access / dispatch,11,16680000.0
Medium,Low,Improve access / dispatch,12,16680000.0
Medium,Low,Improve access / dispatch,13,16680000.0
Medium,Low,Improve access / dispatch,14,16680000.0
Medium,Low,Improve access / dispatch,15,16680000.0
Medium,Low,Improve access / dispatch,16,16680000.0
Medium,Low,Improve access / dispatch,17,16680000.0
Medium,Low,Improve access / dispatch,18,16680000.0
Medium,Low,Improve access / dispatch,19,16680000.0
Medium,Low,Improve access / dispatch,20,16680000.0
Medium,Low,Improve + add tanks,0,-600000000
Medium,Low,Improve + add tanks,1,-856444.4444444478
Medium,Low,Improve + add tanks,2,10215333.333333328
Medium,Low,Improve + add tanks,3,21287111.111111104
Medium,Low,Improve + add tanks,4,21287111.111111104
Medium,Low,Improve + add tanks,5,21287111.111111104
Medium,Low,Improve + add tanks,6,21287111.111111104
Medium,Low,Improve + add tanks,7,21287111.111111104
Medium,Low,Improve + add tanks,8,21287111.111111104
Medium,Low,Improve + add tanks,9,21287111.111111104
Medium,Low,Improve + add tanks,10,21287111.111111104
Medium,Low,Improve + add tanks,11,21287111.111111104
Medium,Low,Improve + add tanks,12,21287111.111111104
Medium,Low,Improve + add tanks,13,21287111.111111104
Medium,Low,Improve + add tanks,14,21287111.111111104
Medium,Low,Improve + add tanks,15,21287111.111111104
Medium,Low,Improve + add tanks,16,21287111.111111104
Medium,Low,Improve + add tanks,17,21287111.111111104
Medium,Low,Improve + add tanks,18,21287111.111111104
Medium,Low,Improve + add tanks,19,21287111.111111104
Medium,Low,Improve + add tanks,20,21287111.111111104
High,High,Existing,0,0
High,High,Existing,1,0.0
High,High,Existing,2,0.0
High,High,Existing,3,0.0
High,High,Existing,4,0.0
High,High,Existing,5,0.0
High,High,Existing,6,0.0
High,High,Existing,7,0.0
High,High,Existing,8,0.0
High,High,Existing,9,0.0
High,High,Existing,10,0.0
High,High,Existing,11,0.0
High,High,Existing,12,0.0
High,High,Existing,13,0.0
High,High,Existing,14,0.0
High,High,Existing,15,0.0
High,High,Existing,16,0.0
High,High,Existing,17,0.0
High,High,Existing,18,0.0
High,High,Existing,19,0.0
High,High,Existing,20,0.0
High,High,Improve access / dispatch,0,-100000000
High,High,Improve access / dispatch,1,-6000000.0
High,High,Improve access / dispatch,2,-6000000.0
High,High,Improve access / dispatch,3,-6000000.0
High,High,Improve access / dispatch,4,-6000000.0
High,High,Improve access / dispatch,5,-6000000.0
High,High,Improve access / dispatch,6,-6000000.0
High,High,Improve access / dispatch,7,-6000000.0
High,High,Improve access / dispatch,8,-6000000.0
High,High,Improve access / dispatch,9,-6000000.0
High,High,Improve access / dispatch,10,-6000000.0
High,High,Improve access / dispatch,11,-6000000.0
High,High,Improve access / dispatch,12,-6000000.0
High,High,Improve access / dispatch,13,-6000000.0
High,High,Improve access / dispatch,14,-6000000.0
High,High,Improve access / dispatch,15,-6000000.0
High,High,Improve access / dispatch,16,-6000000.0
High,High,Improve access / dispatch,17,-6000000.0
High,High,Improve access / dispatch,18,-6000000.0
High,High,Improve access / dispatch,19,-6000000.0
High,High,Improve access / dispatch,20,-6000000.0
High,High,Improve + add tanks,0,-600000000
High,High,Improve + add tanks,1,-23000000.0
High,High,Improve + add tanks,2,-23000000.0
High,High,Improve + add tanks,3,-23000000.0
High,High,Improve + add tanks,4,-23000000.0
High,High,Improve + add tanks,5,-23000000.0
High,High,Improve + add tanks,6,-23000000.0
High,High,Improve + add tanks,7,-23000000.0
High,High,Improve + add tanks,8,-23000000.0
High,High,Improve + add tanks,9,-23000000.0
High,High,Improve + add tanks,10,-23000000.0
High,High,Improve + add tanks,11,-23000000.0
High,High,Improve + add tanks,12,-23000000.0
High,High,Improve + add tanks,13,-23000000.0
High,High,Improve + add tanks,14,-23000000.0
High,High,Improve + add tanks,15,-23000000.0
High,High,Improve + add tanks,16,-23000000.0
High,High,Improve + add tanks,17,-23000000.0
High,High,Improve + add tanks,18,-23000000.0
High,High,Improve + add tanks,19,-23000000.0
High,High,Improve + add tanks,20,-23000000.0
High,Medium,Existing,0,0
High,Medium,Existing,1,0.0
High,Medium,Existing,2,0.0
High,Medium,Existing,3,0.0
High,Medium,Existing,4,0.0
High,Medium,Existing,5,0.0
High,Medium,Existing,6,0.0
High,Medium,Existing,7,0.0
High,Medium,Existing,8,0.0
High,Medium,Existing,9,0.0
High,Medium,Existing,10,0.0
High,Medium,Existing,11,0.0
High,Medium,Existing,12,0.0
High,Medium,Existing,13,0.0
High,Medium,Existing,14,0.0
High,Medium,Existing,15,0.0
High,Medium,Existing,16,0.0
High,Medium,Existing,17,0.0
High,Medium,Existing,18,0.0
High,Medium,Existing,19,0.0
High,Medium,Existing,20,0.0
High,Medium,Improve access / dispatch,0,-100000000
High,Medium,Improve access / dispatch,1,5340000.0
High,Medium,Improve access / dispatch,2,11010000.0
High,Medium,Improve access / dispatch,3,16680000.0
High,Medium,Improve access / dispatch,4,16680000.0
High,Medium,Improve access / dispatch,5,16680000.0
High,Medium,Improve access / dispatch,6,16680000.0
High,Medium,Improve access / dispatch,7,16680000.0
High,Medium,Improve access / dispatch,8,16680000.0
High,Medium,Improve access / dispatch,9,16680000.0
High,Medium,Improve access / dispatch,10,16680000.0
High,Medium,Improve access / dispatch,11,16680000.0
High,Medium,Improve access / dispatch,12,16680000.0
High,Medium,Improve access / dispatch,13,16680000.0
High,Medium,Improve access / dispatch,14,16680000.0
High,Medium,Improve access / dispatch,15,16680000.0
High,Medium,Improve access / dispatch,16,16680000.0
High,Medium,Improve access / dispatch,17,16680000.0
High,Medium,Improve access / dispatch,18,16680000.0
High,Medium,Improve access / dispatch,19,16680000.0
High,Medium,Improve access / dispatch,20,16680000.0
High,Medium,Improve + add tanks,0,-600000000
High,Medium,Improve + add tanks,1,-8913333.33333337
High,Medium,Improve + add tanks,2,-1870000.0000000522
High,Medium,Improve + add tanks,3,5173333.333333261
High,Medium,Improve + add tanks,4,5173333.333333261
High,Medium,Improve + add tanks,5,5173333.333333261
High,Medium,Improve + add tanks,6,5173333.333333261
High,Medium,Improve + add tanks,7,5173333.333333261
High,Medium,Improve + add tanks,8,5173333.333333261
High,Medium,Improve + add tanks,9,5173333.333333261
High,Medium,Improve + add tanks,10,5173333.333333261
High,Medium,Improve + add tanks,11,5173333.333333261
High,Medium,Improve + add tanks,12,5173333.333333261
High,Medium,Improve + add tanks,13,5173333.333333261
High,Medium,Improve + add tanks,14,5173333.333333261
High,Medium,Improve + add tanks,15,5173333.333333261
High,Medium,Improve + add tanks,16,5173333.333333261
High,Medium,Improve + add tanks,17,5173333.333333261
High,Medium,Improve + add tanks,18,5173333.333333261
High,Medium,Improve + add tanks,19,5173333.333333261
High,Medium,Improve + add tanks,20,5173333.333333261
High,Low,Existing,0,0
High,Low,Existing,1,0.0
High,Low,Existing,2,0.0
High,Low,Existing,3,0.0
High,Low,Existing,4,0.0
High,Low,Existing,5,0.0
High,Low,Existing,6,0.0
High,Low,Existing,7,0.0
High,Low,Existing,8,0.0
High,Low,Existing,9,0.0
High,Low,Existing,10,0.0
High,Low,Existing,11,0.0
High,Low,Existing,12,0.0
High,Low,Existing,13,0.0
High,Low,Existing,14,0.0
High,Low,Existing,15,0.0
High,Low,Existing,16,0.0
High,Low,Existing,17,0.0
High,Low,Existing,18,0.0
High,Low,Existing,19,0.0
High,Low,Existing,20,0.0
High,Low,Improve access / dispatch,0,-100000000
High,Low,Improve access / dispatch,1,5340000.0
High,Low,Improve access / dispatch,2,11010000.0
High,Low,Improve access / dispatch,3,16680000.0
High,Low,Improve access / dispatch,4,16680000.0
High,Low,Improve access / dispatch,5,16680000.0
High,Low,Improve access / dispatch,6,16680000.0
High,Low,Improve access / dispatch,7,16680000.0
High,Low,Improve access / dispatch,8,16680000.0
High,Low,Improve access / dispatch,9,16680000.0
High,Low,Improve access / dispatch,10,16680000.0
High,Low,Improve access / dispatch,11,16680000.0
High,Low,Improve access / dispatch,12,16680000.0
High,Low,Improve access / dispatch,13,16680000.0
High,Low,Improve access / dispatch,14,16680000.0
High,Low,Improve access / dispatch,15,16680000.0
High,Low,Improve access / dispatch,16,16680000.0
High,Low,Improve access / dispatch,17,16680000.0
High,Low,Improve access / dispatch,18,16680000.0
High,Low,Improve access / dispatch,19,16680000.0
High,Low,Improve access / dispatch,20,16680000.0
High,Low,Improve + add tanks,0,-600000000
High,Low,Improve + add tanks,1,29906222.22222218
High,Low,Improve + add tanks,2,56359333.33333327
High,Low,Improve + add tanks,3,82812444.44444436
High,Low,Improve + add tanks,4,82812444.44444436
High,Low,Improve + add tanks,5,82812444.44444436
High,Low,Improve + add tanks,6,82812444.44444436
High,Low,Improve + add tanks,7,82812444.44444436
High,Low,Improve + add tanks,8,82812444.44444436
High,Low,Improve + add tanks,9,82812444.44444436
High,Low,Improve + add tanks,10,82812444.44444436
High,Low,Improve + add tanks,11,82812444.44444436
High,Low,Improve + add tanks,12,82812444.44444436
High,Low,Improve + add tanks,13,82812444.44444436
High,Low,Improve + add tanks,14,82812444.44444436
High,Low,Improve + add tanks,15,82812444.44444436
High,Low,Improve + add tanks,16,82812444.44444436
High,Low,Improve + add tanks,17,82812444.44444436
High,Low,Improve + add tanks,18,82812444.44444436
High,Low,Improve + add tanks,19,82812444.44444436
High,Low,Improve + add tanks,20,82812444.44444436
