classification,input,value,source
REPORTED,lesedi_gross_m3,140000,"Vopak Annual Report 2025 pp36/39 (capacity/occupancy/cash return), p213 (IFRS revenue services), p324 (proportional revenue); FY2025 Analyst presentation p24 (sector-specific investment multiples); official our-terminals webpage checked 8 October 2026 (SA capacity/ownership). Report p63 confirms Lesedi expansion commissioned in 2025. Not site tariffs or throughput."
REPORTED,durban_gross_m3,360246,"Vopak Annual Report 2025 pp36/39 (capacity/occupancy/cash return), p213 (IFRS revenue services), p324 (proportional revenue); FY2025 Analyst presentation p24 (sector-specific investment multiples); official our-terminals webpage checked 8 October 2026 (SA capacity/ownership). Report p63 confirms Lesedi expansion commissioned in 2025. Not site tariffs or throughput."
REPORTED,ownership_fraction,0.7,"Vopak Annual Report 2025 pp36/39 (capacity/occupancy/cash return), p213 (IFRS revenue services), p324 (proportional revenue); FY2025 Analyst presentation p24 (sector-specific investment multiples); official our-terminals webpage checked 8 October 2026 (SA capacity/ownership). Report p63 confirms Lesedi expansion commissioned in 2025. Not site tariffs or throughput."
REPORTED,group_2025_storage_revenue_eur_m,1058.8,"Vopak Annual Report 2025 pp36/39 (capacity/occupancy/cash return), p213 (IFRS revenue services), p324 (proportional revenue); FY2025 Analyst presentation p24 (sector-specific investment multiples); official our-terminals webpage checked 8 October 2026 (SA capacity/ownership). Report p63 confirms Lesedi expansion commissioned in 2025. Not site tariffs or throughput."
REPORTED,group_2025_consolidated_revenue_eur_m,1298.9,"Vopak Annual Report 2025 pp36/39 (capacity/occupancy/cash return), p213 (IFRS revenue services), p324 (proportional revenue); FY2025 Analyst presentation p24 (sector-specific investment multiples); official our-terminals webpage checked 8 October 2026 (SA capacity/ownership). Report p63 confirms Lesedi expansion commissioned in 2025. Not site tariffs or throughput."
REPORTED,group_2025_proportional_revenue_eur_m,1916.4,"Vopak Annual Report 2025 pp36/39 (capacity/occupancy/cash return), p213 (IFRS revenue services), p324 (proportional revenue); FY2025 Analyst presentation p24 (sector-specific investment multiples); official our-terminals webpage checked 8 October 2026 (SA capacity/ownership). Report p63 confirms Lesedi expansion commissioned in 2025. Not site tariffs or throughput."
REPORTED,group_2025_proportional_capacity_m3_m,20.4,"Vopak Annual Report 2025 pp36/39 (capacity/occupancy/cash return), p213 (IFRS revenue services), p324 (proportional revenue); FY2025 Analyst presentation p24 (sector-specific investment multiples); official our-terminals webpage checked 8 October 2026 (SA capacity/ownership). Report p63 confirms Lesedi expansion commissioned in 2025. Not site tariffs or throughput."
REPORTED,group_2025_proportional_occupancy_pct,91,"Vopak Annual Report 2025 pp36/39 (capacity/occupancy/cash return), p213 (IFRS revenue services), p324 (proportional revenue); FY2025 Analyst presentation p24 (sector-specific investment multiples); official our-terminals webpage checked 8 October 2026 (SA capacity/ownership). Report p63 confirms Lesedi expansion commissioned in 2025. Not site tariffs or throughput."
REPORTED,group_2025_operating_cash_return_pct,15.6,"Vopak Annual Report 2025 pp36/39 (capacity/occupancy/cash return), p213 (IFRS revenue services), p324 (proportional revenue); FY2025 Analyst presentation p24 (sector-specific investment multiples); official our-terminals webpage checked 8 October 2026 (SA capacity/ownership). Report p63 confirms Lesedi expansion commissioned in 2025. Not site tariffs or throughput."
REPORTED,gas_industrial_capex_ebitda_range,"[5, 7]","Vopak Annual Report 2025 pp36/39 (capacity/occupancy/cash return), p213 (IFRS revenue services), p324 (proportional revenue); FY2025 Analyst presentation p24 (sector-specific investment multiples); official our-terminals webpage checked 8 October 2026 (SA capacity/ownership). Report p63 confirms Lesedi expansion commissioned in 2025. Not site tariffs or throughput."
REPORTED,transition_capex_ebitda_range,"[4, 8]","Vopak Annual Report 2025 pp36/39 (capacity/occupancy/cash return), p213 (IFRS revenue services), p324 (proportional revenue); FY2025 Analyst presentation p24 (sector-specific investment multiples); official our-terminals webpage checked 8 October 2026 (SA capacity/ownership). Report p63 confirms Lesedi expansion commissioned in 2025. Not site tariffs or throughput."
REPORTED,annual_report,"""external/sources/vopak_annual_review_2026_10_08/Vopak_Annual_Report_2025.pdf""","Vopak Annual Report 2025 pp36/39 (capacity/occupancy/cash return), p213 (IFRS revenue services), p324 (proportional revenue); FY2025 Analyst presentation p24 (sector-specific investment multiples); official our-terminals webpage checked 8 October 2026 (SA capacity/ownership). Report p63 confirms Lesedi expansion commissioned in 2025. Not site tariffs or throughput."
REPORTED,analyst_presentation,"""external/sources/vopak_annual_review_2026_10_08/Analyst_Presentation_FY2025.pdf""","Vopak Annual Report 2025 pp36/39 (capacity/occupancy/cash return), p213 (IFRS revenue services), p324 (proportional revenue); FY2025 Analyst presentation p24 (sector-specific investment multiples); official our-terminals webpage checked 8 October 2026 (SA capacity/ownership). Report p63 confirms Lesedi expansion commissioned in 2025. Not site tariffs or throughput."
INFERRED,group_revenue_per_proportional_capacity_eur_year,93.94117647058825,Calculated from reported group metrics; not a site estimate
INFERRED,consolidated_storage_revenue_share,0.8151512818538763,Calculated from reported group metrics; not a site estimate
INFERRED,limits,"Group revenue divided by year-end proportional capacity is a mixed-portfolio intensity, NOT a tariff or site estimate. Occupancy is NOT tank turnover. Sector investment multiples and group operating cash return are NOT South Africa project hurdle rates.",Calculated from reported group metrics; not a site estimate
ILLUSTRATIVE,demand_bn_l,"{""Low"": 6.0, ""Medium"": 6.8, ""High"": 7.6}","Authored 8 October 2026 at user request for an illustrative case. Medium demand rounds historical Gauteng 2022 petrol/diesel sales (6.809bn L) only as a scale reference; all future demand/supply/capture/operating/commercial values are assumptions, not inferred Vopak site facts or approved forecasts. Steady-state stress snapshots, no calendar forecast year. Storage rent and chargeable excess-service contribution separate; minimum-throughput inclusions must be validated. Pre-tax unlevered constant-ZAR screen; no tax, working capital, construction delay, inflation or residual value. No project hurdle inferred from group operating cash return or sector capex/EBITDA ranges."
ILLUSTRATIVE,domestic_deliveries_bn_l,"{""Low"": 2.4, ""Medium"": 3.6, ""High"": 4.8}","Authored 8 October 2026 at user request for an illustrative case. Medium demand rounds historical Gauteng 2022 petrol/diesel sales (6.809bn L) only as a scale reference; all future demand/supply/capture/operating/commercial values are assumptions, not inferred Vopak site facts or approved forecasts. Steady-state stress snapshots, no calendar forecast year. Storage rent and chargeable excess-service contribution separate; minimum-throughput inclusions must be validated. Pre-tax unlevered constant-ZAR screen; no tax, working capital, construction delay, inflation or residual value. No project hurdle inferred from group operating cash return or sector capex/EBITDA ranges."
ILLUSTRATIVE,durban_gateway_import_share,0.7,"Authored 8 October 2026 at user request for an illustrative case. Medium demand rounds historical Gauteng 2022 petrol/diesel sales (6.809bn L) only as a scale reference; all future demand/supply/capture/operating/commercial values are assumptions, not inferred Vopak site facts or approved forecasts. Steady-state stress snapshots, no calendar forecast year. Storage rent and chargeable excess-service contribution separate; minimum-throughput inclusions must be validated. Pre-tax unlevered constant-ZAR screen; no tax, working capital, construction delay, inflation or residual value. No project hurdle inferred from group operating cash return or sector capex/EBITDA ranges."
ILLUSTRATIVE,vopak_share_of_durban_imports,0.8,"Authored 8 October 2026 at user request for an illustrative case. Medium demand rounds historical Gauteng 2022 petrol/diesel sales (6.809bn L) only as a scale reference; all future demand/supply/capture/operating/commercial values are assumptions, not inferred Vopak site facts or approved forecasts. Steady-state stress snapshots, no calendar forecast year. Storage rent and chargeable excess-service contribution separate; minimum-throughput inclusions must be validated. Pre-tax unlevered constant-ZAR screen; no tax, working capital, construction delay, inflation or residual value. No project hurdle inferred from group operating cash return or sector capex/EBITDA ranges."
ILLUSTRATIVE,lesedi_share_of_vopak_flow,0.9,"Authored 8 October 2026 at user request for an illustrative case. Medium demand rounds historical Gauteng 2022 petrol/diesel sales (6.809bn L) only as a scale reference; all future demand/supply/capture/operating/commercial values are assumptions, not inferred Vopak site facts or approved forecasts. Steady-state stress snapshots, no calendar forecast year. Storage rent and chargeable excess-service contribution separate; minimum-throughput inclusions must be validated. Pre-tax unlevered constant-ZAR screen; no tax, working capital, construction delay, inflation or residual value. No project hurdle inferred from group operating cash return or sector capex/EBITDA ranges."
ILLUSTRATIVE,lesedi_domestic_capture_share,0.08,"Authored 8 October 2026 at user request for an illustrative case. Medium demand rounds historical Gauteng 2022 petrol/diesel sales (6.809bn L) only as a scale reference; all future demand/supply/capture/operating/commercial values are assumptions, not inferred Vopak site facts or approved forecasts. Steady-state stress snapshots, no calendar forecast year. Storage rent and chargeable excess-service contribution separate; minimum-throughput inclusions must be validated. Pre-tax unlevered constant-ZAR screen; no tax, working capital, construction delay, inflation or residual value. No project hurdle inferred from group operating cash return or sector capex/EBITDA ranges."
ILLUSTRATIVE,working_fraction,0.9,"Authored 8 October 2026 at user request for an illustrative case. Medium demand rounds historical Gauteng 2022 petrol/diesel sales (6.809bn L) only as a scale reference; all future demand/supply/capture/operating/commercial values are assumptions, not inferred Vopak site facts or approved forecasts. Steady-state stress snapshots, no calendar forecast year. Storage rent and chargeable excess-service contribution separate; minimum-throughput inclusions must be validated. Pre-tax unlevered constant-ZAR screen; no tax, working capital, construction delay, inflation or residual value. No project hurdle inferred from group operating cash return or sector capex/EBITDA ranges."
ILLUSTRATIVE,existing_monthly_turns,1.25,"Authored 8 October 2026 at user request for an illustrative case. Medium demand rounds historical Gauteng 2022 petrol/diesel sales (6.809bn L) only as a scale reference; all future demand/supply/capture/operating/commercial values are assumptions, not inferred Vopak site facts or approved forecasts. Steady-state stress snapshots, no calendar forecast year. Storage rent and chargeable excess-service contribution separate; minimum-throughput inclusions must be validated. Pre-tax unlevered constant-ZAR screen; no tax, working capital, construction delay, inflation or residual value. No project hurdle inferred from group operating cash return or sector capex/EBITDA ranges."
ILLUSTRATIVE,improved_monthly_turns,1.5,"Authored 8 October 2026 at user request for an illustrative case. Medium demand rounds historical Gauteng 2022 petrol/diesel sales (6.809bn L) only as a scale reference; all future demand/supply/capture/operating/commercial values are assumptions, not inferred Vopak site facts or approved forecasts. Steady-state stress snapshots, no calendar forecast year. Storage rent and chargeable excess-service contribution separate; minimum-throughput inclusions must be validated. Pre-tax unlevered constant-ZAR screen; no tax, working capital, construction delay, inflation or residual value. No project hurdle inferred from group operating cash return or sector capex/EBITDA ranges."
ILLUSTRATIVE,operating_receipt_limit_m3,3500000,"Authored 8 October 2026 at user request for an illustrative case. Medium demand rounds historical Gauteng 2022 petrol/diesel sales (6.809bn L) only as a scale reference; all future demand/supply/capture/operating/commercial values are assumptions, not inferred Vopak site facts or approved forecasts. Steady-state stress snapshots, no calendar forecast year. Storage rent and chargeable excess-service contribution separate; minimum-throughput inclusions must be validated. Pre-tax unlevered constant-ZAR screen; no tax, working capital, construction delay, inflation or residual value. No project hurdle inferred from group operating cash return or sector capex/EBITDA ranges."
ILLUSTRATIVE,operating_dispatch_limit_m3,3500000,"Authored 8 October 2026 at user request for an illustrative case. Medium demand rounds historical Gauteng 2022 petrol/diesel sales (6.809bn L) only as a scale reference; all future demand/supply/capture/operating/commercial values are assumptions, not inferred Vopak site facts or approved forecasts. Steady-state stress snapshots, no calendar forecast year. Storage rent and chargeable excess-service contribution separate; minimum-throughput inclusions must be validated. Pre-tax unlevered constant-ZAR screen; no tax, working capital, construction delay, inflation or residual value. No project hurdle inferred from group operating cash return or sector capex/EBITDA ranges."
ILLUSTRATIVE,added_gross_m3,40000,"Authored 8 October 2026 at user request for an illustrative case. Medium demand rounds historical Gauteng 2022 petrol/diesel sales (6.809bn L) only as a scale reference; all future demand/supply/capture/operating/commercial values are assumptions, not inferred Vopak site facts or approved forecasts. Steady-state stress snapshots, no calendar forecast year. Storage rent and chargeable excess-service contribution separate; minimum-throughput inclusions must be validated. Pre-tax unlevered constant-ZAR screen; no tax, working capital, construction delay, inflation or residual value. No project hurdle inferred from group operating cash return or sector capex/EBITDA ranges."
ILLUSTRATIVE,access_package_capex_zar,100000000,"Authored 8 October 2026 at user request for an illustrative case. Medium demand rounds historical Gauteng 2022 petrol/diesel sales (6.809bn L) only as a scale reference; all future demand/supply/capture/operating/commercial values are assumptions, not inferred Vopak site facts or approved forecasts. Steady-state stress snapshots, no calendar forecast year. Storage rent and chargeable excess-service contribution separate; minimum-throughput inclusions must be validated. Pre-tax unlevered constant-ZAR screen; no tax, working capital, construction delay, inflation or residual value. No project hurdle inferred from group operating cash return or sector capex/EBITDA ranges."
ILLUSTRATIVE,tank_addition_capex_zar,500000000,"Authored 8 October 2026 at user request for an illustrative case. Medium demand rounds historical Gauteng 2022 petrol/diesel sales (6.809bn L) only as a scale reference; all future demand/supply/capture/operating/commercial values are assumptions, not inferred Vopak site facts or approved forecasts. Steady-state stress snapshots, no calendar forecast year. Storage rent and chargeable excess-service contribution separate; minimum-throughput inclusions must be validated. Pre-tax unlevered constant-ZAR screen; no tax, working capital, construction delay, inflation or residual value. No project hurdle inferred from group operating cash return or sector capex/EBITDA ranges."
ILLUSTRATIVE,access_package_fixed_opex_zar,5000000,"Authored 8 October 2026 at user request for an illustrative case. Medium demand rounds historical Gauteng 2022 petrol/diesel sales (6.809bn L) only as a scale reference; all future demand/supply/capture/operating/commercial values are assumptions, not inferred Vopak site facts or approved forecasts. Steady-state stress snapshots, no calendar forecast year. Storage rent and chargeable excess-service contribution separate; minimum-throughput inclusions must be validated. Pre-tax unlevered constant-ZAR screen; no tax, working capital, construction delay, inflation or residual value. No project hurdle inferred from group operating cash return or sector capex/EBITDA ranges."
ILLUSTRATIVE,tank_addition_fixed_opex_zar,12000000,"Authored 8 October 2026 at user request for an illustrative case. Medium demand rounds historical Gauteng 2022 petrol/diesel sales (6.809bn L) only as a scale reference; all future demand/supply/capture/operating/commercial values are assumptions, not inferred Vopak site facts or approved forecasts. Steady-state stress snapshots, no calendar forecast year. Storage rent and chargeable excess-service contribution separate; minimum-throughput inclusions must be validated. Pre-tax unlevered constant-ZAR screen; no tax, working capital, construction delay, inflation or residual value. No project hurdle inferred from group operating cash return or sector capex/EBITDA ranges."
ILLUSTRATIVE,maintenance_capex_fraction,0.01,"Authored 8 October 2026 at user request for an illustrative case. Medium demand rounds historical Gauteng 2022 petrol/diesel sales (6.809bn L) only as a scale reference; all future demand/supply/capture/operating/commercial values are assumptions, not inferred Vopak site facts or approved forecasts. Steady-state stress snapshots, no calendar forecast year. Storage rent and chargeable excess-service contribution separate; minimum-throughput inclusions must be validated. Pre-tax unlevered constant-ZAR screen; no tax, working capital, construction delay, inflation or residual value. No project hurdle inferred from group operating cash return or sector capex/EBITDA ranges."
ILLUSTRATIVE,storage_rent_zar_gross_m3_year,1500,"Authored 8 October 2026 at user request for an illustrative case. Medium demand rounds historical Gauteng 2022 petrol/diesel sales (6.809bn L) only as a scale reference; all future demand/supply/capture/operating/commercial values are assumptions, not inferred Vopak site facts or approved forecasts. Steady-state stress snapshots, no calendar forecast year. Storage rent and chargeable excess-service contribution separate; minimum-throughput inclusions must be validated. Pre-tax unlevered constant-ZAR screen; no tax, working capital, construction delay, inflation or residual value. No project hurdle inferred from group operating cash return or sector capex/EBITDA ranges."
ILLUSTRATIVE,excess_service_contribution_zar_m3,60,"Authored 8 October 2026 at user request for an illustrative case. Medium demand rounds historical Gauteng 2022 petrol/diesel sales (6.809bn L) only as a scale reference; all future demand/supply/capture/operating/commercial values are assumptions, not inferred Vopak site facts or approved forecasts. Steady-state stress snapshots, no calendar forecast year. Storage rent and chargeable excess-service contribution separate; minimum-throughput inclusions must be validated. Pre-tax unlevered constant-ZAR screen; no tax, working capital, construction delay, inflation or residual value. No project hurdle inferred from group operating cash return or sector capex/EBITDA ranges."
ILLUSTRATIVE,discount_rate,0.1,"Authored 8 October 2026 at user request for an illustrative case. Medium demand rounds historical Gauteng 2022 petrol/diesel sales (6.809bn L) only as a scale reference; all future demand/supply/capture/operating/commercial values are assumptions, not inferred Vopak site facts or approved forecasts. Steady-state stress snapshots, no calendar forecast year. Storage rent and chargeable excess-service contribution separate; minimum-throughput inclusions must be validated. Pre-tax unlevered constant-ZAR screen; no tax, working capital, construction delay, inflation or residual value. No project hurdle inferred from group operating cash return or sector capex/EBITDA ranges."
ILLUSTRATIVE,operating_years,20,"Authored 8 October 2026 at user request for an illustrative case. Medium demand rounds historical Gauteng 2022 petrol/diesel sales (6.809bn L) only as a scale reference; all future demand/supply/capture/operating/commercial values are assumptions, not inferred Vopak site facts or approved forecasts. Steady-state stress snapshots, no calendar forecast year. Storage rent and chargeable excess-service contribution separate; minimum-throughput inclusions must be validated. Pre-tax unlevered constant-ZAR screen; no tax, working capital, construction delay, inflation or residual value. No project hurdle inferred from group operating cash return or sector capex/EBITDA ranges."
ILLUSTRATIVE,ramp_fractions,"[0.5, 0.75, 1.0]","Authored 8 October 2026 at user request for an illustrative case. Medium demand rounds historical Gauteng 2022 petrol/diesel sales (6.809bn L) only as a scale reference; all future demand/supply/capture/operating/commercial values are assumptions, not inferred Vopak site facts or approved forecasts. Steady-state stress snapshots, no calendar forecast year. Storage rent and chargeable excess-service contribution separate; minimum-throughput inclusions must be validated. Pre-tax unlevered constant-ZAR screen; no tax, working capital, construction delay, inflation or residual value. No project hurdle inferred from group operating cash return or sector capex/EBITDA ranges."
ILLUSTRATIVE,allowable_logistics_zar_m3,750,"Authored 8 October 2026 at user request for an illustrative case. Medium demand rounds historical Gauteng 2022 petrol/diesel sales (6.809bn L) only as a scale reference; all future demand/supply/capture/operating/commercial values are assumptions, not inferred Vopak site facts or approved forecasts. Steady-state stress snapshots, no calendar forecast year. Storage rent and chargeable excess-service contribution separate; minimum-throughput inclusions must be validated. Pre-tax unlevered constant-ZAR screen; no tax, working capital, construction delay, inflation or residual value. No project hurdle inferred from group operating cash return or sector capex/EBITDA ranges."
ILLUSTRATIVE,assumed_durban_logistics_zar_m3,650,"Authored 8 October 2026 at user request for an illustrative case. Medium demand rounds historical Gauteng 2022 petrol/diesel sales (6.809bn L) only as a scale reference; all future demand/supply/capture/operating/commercial values are assumptions, not inferred Vopak site facts or approved forecasts. Steady-state stress snapshots, no calendar forecast year. Storage rent and chargeable excess-service contribution separate; minimum-throughput inclusions must be validated. Pre-tax unlevered constant-ZAR screen; no tax, working capital, construction delay, inflation or residual value. No project hurdle inferred from group operating cash return or sector capex/EBITDA ranges."
ILLUSTRATIVE,capex_stress_multiplier,1.25,"Authored 8 October 2026 at user request for an illustrative case. Medium demand rounds historical Gauteng 2022 petrol/diesel sales (6.809bn L) only as a scale reference; all future demand/supply/capture/operating/commercial values are assumptions, not inferred Vopak site facts or approved forecasts. Steady-state stress snapshots, no calendar forecast year. Storage rent and chargeable excess-service contribution separate; minimum-throughput inclusions must be validated. Pre-tax unlevered constant-ZAR screen; no tax, working capital, construction delay, inflation or residual value. No project hurdle inferred from group operating cash return or sector capex/EBITDA ranges."
ILLUSTRATIVE,volume_stress_multiplier,0.9,"Authored 8 October 2026 at user request for an illustrative case. Medium demand rounds historical Gauteng 2022 petrol/diesel sales (6.809bn L) only as a scale reference; all future demand/supply/capture/operating/commercial values are assumptions, not inferred Vopak site facts or approved forecasts. Steady-state stress snapshots, no calendar forecast year. Storage rent and chargeable excess-service contribution separate; minimum-throughput inclusions must be validated. Pre-tax unlevered constant-ZAR screen; no tax, working capital, construction delay, inflation or residual value. No project hurdle inferred from group operating cash return or sector capex/EBITDA ranges."
ILLUSTRATIVE,service_stress_contribution_zar_m3,0,"Authored 8 October 2026 at user request for an illustrative case. Medium demand rounds historical Gauteng 2022 petrol/diesel sales (6.809bn L) only as a scale reference; all future demand/supply/capture/operating/commercial values are assumptions, not inferred Vopak site facts or approved forecasts. Steady-state stress snapshots, no calendar forecast year. Storage rent and chargeable excess-service contribution separate; minimum-throughput inclusions must be validated. Pre-tax unlevered constant-ZAR screen; no tax, working capital, construction delay, inflation or residual value. No project hurdle inferred from group operating cash return or sector capex/EBITDA ranges."
ILLUSTRATIVE,capture_stress_vopak_share,0.6,"Authored 8 October 2026 at user request for an illustrative case. Medium demand rounds historical Gauteng 2022 petrol/diesel sales (6.809bn L) only as a scale reference; all future demand/supply/capture/operating/commercial values are assumptions, not inferred Vopak site facts or approved forecasts. Steady-state stress snapshots, no calendar forecast year. Storage rent and chargeable excess-service contribution separate; minimum-throughput inclusions must be validated. Pre-tax unlevered constant-ZAR screen; no tax, working capital, construction delay, inflation or residual value. No project hurdle inferred from group operating cash return or sector capex/EBITDA ranges."
