demand_world,supply_world,demand_bn_l,domestic_bn_l,captured_lesedi_m3,capture_share_of_catchment,required_monthly_turns,preferred_option,preferred_npv_zar
Low,High,6.0,4.8,988800.0000000001,0.16480000000000003,0.653968253968254,Existing,0.0
Low,Medium,6.0,3.6,1497600.0,0.2496,0.9904761904761905,Existing,0.0
Low,Low,6.0,2.4,2006400.0,0.3344,1.326984126984127,Existing,0.0
Medium,High,6.8,4.8,1392000.0,0.20470588235294118,0.9206349206349206,Existing,0.0
Medium,Medium,6.8,3.6,1900799.9999999998,0.27952941176470586,1.257142857142857,Existing,0.0
Medium,Low,6.8,2.4,2409600.0,0.3543529411764706,1.5936507936507935,Improve access / dispatch,27011201.523258697
High,High,7.6,4.8,1795200.0,0.23621052631578948,1.1873015873015873,Existing,0.0
High,Medium,7.6,3.6,2303999.9999999995,0.30315789473684207,1.5238095238095235,Improve access / dispatch,27011201.523258697
High,Low,7.6,2.4,2812799.9999999995,0.37010526315789466,1.86031746031746,Improve + add tanks,35070381.6117381
