demand_world,supply_world,option,capex_zar,served_m3,unserved_m3,incremental_m3,contracted_added_gross_m3,incremental_rent_zar_year,incremental_service_contribution_zar_year,incremental_ebitda_zar_year,maintenance_capex_zar_year,steady_cashflow_zar_year,npv_zar,ownership_share_npv_zar,achievable_annual_m3
Low,High,Existing,0,988800.0000000001,0.0,0.0,0.0,0.0,0.0,0.0,0.0,0.0,0.0,0.0,1890000.0
Low,High,Improve access / dispatch,100000000,988800.0000000001,0.0,0.0,0.0,0.0,0.0,-5000000.0,1000000.0,-6000000.0,-151081382.31855136,-105756967.62298594,2268000.0
Low,High,Improve + add tanks,600000000,988800.0000000001,0.0,0.0,0.0,0.0,0.0,-17000000.0,6000000.0,-23000000.0,-795811965.5544468,-557068375.8881128,2916000.0
Low,Medium,Existing,0,1497600.0,0.0,0.0,0.0,0.0,0.0,0.0,0.0,0.0,0.0,0.0,1890000.0
Low,Medium,Improve access / dispatch,100000000,1497600.0,0.0,0.0,0.0,0.0,0.0,-5000000.0,1000000.0,-6000000.0,-151081382.31855136,-105756967.62298594,2268000.0
Low,Medium,Improve + add tanks,600000000,1497600.0,0.0,0.0,0.0,0.0,0.0,-17000000.0,6000000.0,-23000000.0,-795811965.5544468,-557068375.8881128,2916000.0
Low,Low,Existing,0,1890000.0,116400.0,0.0,0.0,0.0,0.0,0.0,0.0,0.0,0.0,0.0,1890000.0
Low,Low,Improve access / dispatch,100000000,2006400.0,0.0,116400.0,0.0,0.0,6984000.0,1984000.0,1000000.0,984000.0,-96240173.9609146,-67368121.77264021,2268000.0
Low,Low,Improve + add tanks,600000000,2006400.0,0.0,116400.0,0.0,0.0,6984000.0,-10016000.0,6000000.0,-16016000.0,-740970757.1968101,-518679530.03776705,2916000.0
Medium,High,Existing,0,1392000.0,0.0,0.0,0.0,0.0,0.0,0.0,0.0,0.0,0.0,0.0,1890000.0
Medium,High,Improve access / dispatch,100000000,1392000.0,0.0,0.0,0.0,0.0,0.0,-5000000.0,1000000.0,-6000000.0,-151081382.31855136,-105756967.62298594,2268000.0
Medium,High,Improve + add tanks,600000000,1392000.0,0.0,0.0,0.0,0.0,0.0,-17000000.0,6000000.0,-23000000.0,-795811965.5544468,-557068375.8881128,2916000.0
Medium,Medium,Existing,0,1890000.0,10799.999999999767,0.0,0.0,0.0,0.0,0.0,0.0,0.0,0.0,0.0,1890000.0
Medium,Medium,Improve access / dispatch,100000000,1900799.9999999998,0.0,10799.999999999767,0.0,0.0,647999.999999986,-4352000.000000014,1000000.0,-5352000.000000014,-145993022.78021404,-102195115.94614983,2268000.0
Medium,Medium,Improve + add tanks,600000000,1900799.9999999998,0.0,10799.999999999767,0.0,0.0,647999.999999986,-16352000.000000015,6000000.0,-22352000.000000015,-790723606.0161095,-553506524.2112767,2916000.0
Medium,Low,Existing,0,1890000.0,519600.0,0.0,0.0,0.0,0.0,0.0,0.0,0.0,0.0,0.0,1890000.0
Medium,Low,Improve access / dispatch,100000000,2268000.0,141600.0,378000.0,0.0,0.0,22680000.0,17680000.0,1000000.0,16680000.0,27011201.523258697,18907841.066281088,2268000.0
Medium,Low,Improve + add tanks,600000000,2409600.0,0.0,519600.0,8740.740740740739,13111111.111111108,31176000.0,27287111.111111104,6000000.0,21287111.111111104,-448051557.7648916,-313636090.4354241,2916000.0
High,High,Existing,0,1795200.0,0.0,0.0,0.0,0.0,0.0,0.0,0.0,0.0,0.0,0.0,1890000.0
High,High,Improve access / dispatch,100000000,1795200.0,0.0,0.0,0.0,0.0,0.0,-5000000.0,1000000.0,-6000000.0,-151081382.31855136,-105756967.62298594,2268000.0
High,High,Improve + add tanks,600000000,1795200.0,0.0,0.0,0.0,0.0,0.0,-17000000.0,6000000.0,-23000000.0,-795811965.5544468,-557068375.8881128,2916000.0
High,Medium,Existing,0,1890000.0,413999.99999999953,0.0,0.0,0.0,0.0,0.0,0.0,0.0,0.0,0.0,1890000.0
High,Medium,Improve access / dispatch,100000000,2268000.0,35999.999999999534,378000.0,0.0,0.0,22680000.0,17680000.0,1000000.0,16680000.0,27011201.523258697,18907841.066281088,2268000.0
High,Medium,Improve + add tanks,600000000,2303999.9999999995,0.0,413999.99999999953,2222.222222222193,3333333.3333332897,24839999.99999997,11173333.333333261,6000000.0,5173333.333333261,-574583494.2682954,-402208445.98780674,2916000.0
High,Low,Existing,0,1890000.0,922799.9999999995,0.0,0.0,0.0,0.0,0.0,0.0,0.0,0.0,0.0,1890000.0
High,Low,Improve access / dispatch,100000000,2268000.0,544799.9999999995,378000.0,0.0,0.0,22680000.0,17680000.0,1000000.0,16680000.0,27011201.523258697,18907841.066281088,2268000.0
High,Low,Improve + add tanks,600000000,2812799.9999999995,0.0,922799.9999999995,33629.62962962959,50444444.44444439,55367999.99999997,88812444.44444436,6000000.0,82812444.44444436,35070381.6117381,24549267.12821667,2916000.0
