site_id,site,parameter,product,value,unit,basis,source,source_ref,note
V2,Vopak Lesedi,design_capacity,petrol,40000,m3,evidence,NERSA licence PPL.sf.p.F3/334/2020/AM1 (6 August 2025) Annexure B Table 1,nersa-vopak-lesedi-licence-amendment-reasons-2026-02.pdf p.3,TK-001 20 000; TK-002 and TK-004 10 000 each
V2,Vopak Lesedi,design_capacity,diesel,80000,m3,evidence,NERSA licence PPL.sf.p.F3/334/2020/AM1 (6 August 2025) Annexure B Table 1,nersa-vopak-lesedi-licence-amendment-reasons-2026-02.pdf p.3,TK-003 TK-005 TK-006 and TK-009 at 20 000 each
V2,Vopak Lesedi,design_capacity,diesel or petrol,20000,m3,evidence,NERSA licence PPL.sf.p.F3/334/2020/AM1 (6 August 2025) Annexure B Table 1,nersa-vopak-lesedi-licence-amendment-reasons-2026-02.pdf p.3,TK-008 internal floating roof; licensed for diesel with flexibility to switch to petrol
V2,Vopak Lesedi,operational_capacity,petrol,34000,m3,evidence,Vopak licence application to NERSA (2020) Chapter 3 item 1(d),nersa-vopak-lesedi-licence-application-2020.pdf p.8-9,18 000 for the 20 000 tank and 8 000 for each 10 000 tank
V2,Vopak Lesedi,operational_capacity,diesel,54000,m3,evidence,Vopak licence application to NERSA (2020) Chapter 3 item 1(d),nersa-vopak-lesedi-licence-application-2020.pdf p.8-9,three original tanks at 18 000 each
V2,Vopak Lesedi,operational_capacity,diesel,18000,m3,estimate,analyst estimate,,TK-009; licence leaves operational capacity blank; taken as 18 000 like the identical original tanks
V2,Vopak Lesedi,operational_capacity,diesel or petrol,18000,m3,estimate,analyst estimate,,TK-008; licence leaves operational capacity blank; taken as 18 000 like the identical original tanks
V2,Vopak Lesedi,receipt_limit,all,1500,m3 per hour,evidence,Vopak licence application to NERSA (2020) Chapter 3 item 1(k),nersa-vopak-lesedi-licence-application-2020.pdf p.9,maximum flow rate; all receipts by pipeline through 2 x 16 inch lines from the Transnet system
V2,Vopak Lesedi,dispatch_limit,all,1500,m3 per hour,evidence,Vopak licence application to NERSA (2020) Chapter 3 item 1(l),nersa-vopak-lesedi-licence-application-2020.pdf p.9,maximum flow rate; 80% road and 20% pipeline by design
V2,Vopak Lesedi,road_loading_bays,all,8,bays,evidence,Vopak licence application to NERSA (2020) Chapter 3 item 1(l),nersa-vopak-lesedi-licence-application-2020.pdf p.9,125 m3 per hour each; NERSA (2025) records no change to the eight bays with the two new tanks
V2,Vopak Lesedi,road_loading_rate,all,125,m3 per hour per bay,evidence,Vopak licence application to NERSA (2020) Chapter 3 item 1(l),nersa-vopak-lesedi-licence-application-2020.pdf p.9,
V2,Vopak Lesedi,road_dispatch_practical,all,300000,m3 per month,estimate,analyst estimate,,8 bays x 125 m3 per hour x 50% pumping time x 20 hours a day x 30 days; pumping share and hours are assumptions
V2,Vopak Lesedi,monthly_turns_low,all,1,turns of operational capacity per month,estimate,analyst estimate,,generic low case carried over from terminal_handling.yaml
V2,Vopak Lesedi,monthly_turns_base,all,2,turns of operational capacity per month,estimate,analyst estimate,,lower end of Vopak's stated Durban target of 2 to 3 used as an analogue; no realised Lesedi figure is published
V2,Vopak Lesedi,monthly_turns_high,all,2.4,turns of operational capacity per month,estimate,analyst estimate,,practical road dispatch estimate over 124 000 m3 of operational capacity
V1,Vopak Durban,gross_capacity,all products,360246,m3,evidence,Vopak terminal page checked 6 October 2026,durban.html,petroleum products chemicals and oleochemicals together
V1,Vopak Durban,design_capacity,petrol and diesel,162000,m3,evidence,Vopak news release 17 February 2017,https://www.vopak.com/newsroom/news/vopak-expands-further-south-africa,ten tanks built for refined petroleum products in the expansion; any fuel held in older tanks is not counted
V1,Vopak Durban,operational_capacity,petrol and diesel,146000,m3,estimate,analyst estimate,,90% of design as at Lesedi's 20 000 m3 tanks; no Durban figure is published
V1,Vopak Durban,vessel_berths,all,5,berths,evidence,Vopak terminal page checked 6 October 2026,durban.html,berths at Island View are shared port infrastructure; no berth rate is published
V1,Vopak Durban,access_modes,all,,pipeline rail truck vessel,evidence,Vopak terminal page checked 6 October 2026,durban.html,no receipt or dispatch rate is published for any mode
V1,Vopak Durban,pipeline_dispatch_ceiling,all shippers,148000,m3 per week,evidence,Transnet Pipelines description of the 24 inch trunk line,https://www.transnet.net/SubsiteRender.aspx?id=6794475,capacity of the Durban to Jameson Park trunk line for every shipper and product including jet; Vopak's share is not published
V1,Vopak Durban,monthly_turns_low,petrol and diesel,1,turns of operational capacity per month,estimate,analyst estimate,,generic low case carried over from terminal_handling.yaml
V1,Vopak Durban,monthly_turns_base,petrol and diesel,2,turns of operational capacity per month,evidence of intent,Vopak statement in annexure to its licence application to NERSA (2020),nersa-vopak-lesedi-licence-application-2020.pdf p.70,"Vopak: 'targeting 2-3 throughputs in Durban'; a target not a realised rate"
V1,Vopak Durban,monthly_turns_high,petrol and diesel,3,turns of operational capacity per month,evidence of intent,Vopak statement in annexure to its licence application to NERSA (2020),nersa-vopak-lesedi-licence-application-2020.pdf p.70,upper end of the same target; 3 turns is 438 000 m3 a month or 68% of the whole trunk line
V2,Vopak Lesedi,expansion_commissioned,diesel and petrol,40000,m3,evidence,Vopak Q3 2025 press release 5 November 2025,vopak-q3-2025-press-release.pdf p.4,commissioned in October 2025 ahead of schedule; the two new tanks are in service
VG,Vopak group,proportional_occupancy,all products,91,percent,evidence,Vopak Q3 2025 press release 5 November 2025,vopak-q3-2025-press-release.pdf p.3,group-wide share of capacity rented out for the first nine months of 2025; not a South African figure and not a tank fill level
VG,Vopak group,out_of_service_capacity,all products,2,percent,evidence,Vopak Q3 2025 press release 5 November 2025,vopak-q3-2025-press-release.pdf p.3,group-wide for the first nine months of 2025; not a South African figure
