v26_page,v25_page,title,action,reason,source_commit
1,1,South Africa liquid fuels market story,retained,Cover and source branding retained.,8a3c884b0d26a3c5819a9a0b702024ab60485d1e
2,2,"Slow demand growth and greater import reliance set the baseline; road-to-rail shifts, EV adoption, power recovery and refinery changes could reshape the outlook",updated,Add latest comparable national scale and sales-source qualification.,8a3c884b0d26a3c5819a9a0b702024ab60485d1e
3,3,Prioritise capture and turnover through existing assets; expand where profitable demand exceeds achievable capacity,retained,Reviewed against workbook scope; existing evidence or illustrative treatment retained.,8a3c884b0d26a3c5819a9a0b702024ab60485d1e
4,4,"The illustrated expansion case passes narrowly—and depends on capture, revenue and capex",references,Internal page references updated; evidence and illustrative calculations retained.,8a3c884b0d26a3c5819a9a0b702024ab60485d1e
5,5,Only one illustrative world favours tanks; six favour existing assets and two favour improvement,references,Internal page references updated; evidence and illustrative calculations retained.,8a3c884b0d26a3c5819a9a0b702024ab60485d1e
6,6,"Petrol demand has declined while diesel has grown slowly, limiting the case for demand-led expansion outlook",updated,Keep comparable 2013-2023 chart; add latest-year coverage and reconciliation caution.,8a3c884b0d26a3c5819a9a0b702024ab60485d1e
7,7,"Power shortages and road freight have supported diesel consumption, but that support can change with increased support for rail reform and improved Eskom",updated,Add sector fuel scale and the freight-operator proxy without changing measured support bars.,8a3c884b0d26a3c5819a9a0b702024ab60485d1e
8,,"Mining, manufacturing and agriculture link diesel demand to sector activity",new,New requested sector exhibit; separate observed fuel history from activity-based estimates.,8a3c884b0d26a3c5819a9a0b702024ab60485d1e
9,8,The shut down of domestic refining capacity has lowered domestic production and has increased imports shifting how inland demand is supplied,updated,Show gross versus net imports and preserve sales/production boundaries.,8a3c884b0d26a3c5819a9a0b702024ab60485d1e
10,9,Emerging Maputo and Walvis Bay routes must be tested alongside Durban and domestic supply,retained,Reviewed against workbook scope; existing evidence or illustrative treatment retained.,8a3c884b0d26a3c5819a9a0b702024ab60485d1e
11,10,Durban and Lesedi connect coastal supply to Gauteng; operating data must establish room for growth,updated,Clarify that the commissioned Lesedi expansion is included in the existing footprint.,8a3c884b0d26a3c5819a9a0b702024ab60485d1e
12,11,"Accelerated rail recovery, EV adoption and ICE technology efficiency could reduce transport fuel demand in the medium to long term",updated,Separate observed drivetrain sales from assumed efficiency and adoption paths.,8a3c884b0d26a3c5819a9a0b702024ab60485d1e
13,12,"Power generation recovery could lower diesel use further, while outages and replacement delays could sustain domestic demand",updated,Distinguish own reported burn from combined generation-derived estimates and proposed cases.,8a3c884b0d26a3c5819a9a0b702024ab60485d1e
14,13,"SAPREF could expand the supply footprint, while Natref unavailability would reduce it",retained,Reviewed against workbook scope; existing evidence or illustrative treatment retained.,8a3c884b0d26a3c5819a9a0b702024ab60485d1e
15,14,Emerging gateways could redirect inland growth; delivered cost and reliable access determine capture,retained,Reviewed against workbook scope; existing evidence or illustrative treatment retained.,8a3c884b0d26a3c5819a9a0b702024ab60485d1e
16,,Durban and Lesedi market sizing and investment issue tree,new,Integrate the approved issue tree into Resolution with updated baseline evidence.,8a3c884b0d26a3c5819a9a0b702024ab60485d1e
17,15,Choose the investment that removes the proven constraint—and earns a return,references,Internal page references updated; evidence and illustrative calculations retained.,8a3c884b0d26a3c5819a9a0b702024ab60485d1e
18,16,"Resolve customer volume, working capacity and project economics first to determine the investment",updated,"Replace the request summary with all active baseline, route, demand, supply and client gaps.",8a3c884b0d26a3c5819a9a0b702024ab60485d1e
19,17,Appendix,retained,Reviewed against workbook scope; existing evidence or illustrative treatment retained.,8a3c884b0d26a3c5819a9a0b702024ab60485d1e
20,18,"The supporting evidence calibrates demand, supply and the terminal investment tests",updated,Refresh evidence navigation to include the added workbook exhibits.,8a3c884b0d26a3c5819a9a0b702024ab60485d1e
21,19,"Fuel demand has diverged from GDP, so sector activity and fuel intensity need separate treatment",updated,Link aggregate GDP chart to the sector intensity exhibit rather than assume uniform fuel elasticity.,8a3c884b0d26a3c5819a9a0b702024ab60485d1e
22,20,"Fixed investment has weakened while FDI fluctuates, limiting a simple growth-led fuel argument",retained,Reviewed against workbook scope; existing evidence or illustrative treatment retained.,8a3c884b0d26a3c5819a9a0b702024ab60485d1e
23,21,"Mining, agriculture and aviation expose fuel demand to different activity drivers",updated,Quantify sector and jet context from the workbook while preserving sector definitions.,8a3c884b0d26a3c5819a9a0b702024ab60485d1e
24,22,"Higher fuel prices strengthen EV running-cost incentives, but ownership economics determine uptake",retained,Reviewed against workbook scope; existing evidence or illustrative treatment retained.,8a3c884b0d26a3c5819a9a0b702024ab60485d1e
25,23,New-vehicle efficiency gains affect fuel demand gradually as older vehicles leave the fleet,updated,Add observed apparent replacement and distinguish cohort assumptions from efficiency history.,8a3c884b0d26a3c5819a9a0b702024ab60485d1e
26,,Vehicle stock and sales expose fuel-demand calibration gaps,new,"New requested fleet and model-calibration evidence, with scope limits retained.",8a3c884b0d26a3c5819a9a0b702024ab60485d1e
27,24,Eskom’s own OCGT fuel use fell 40% in FY2025 as availability improved,updated,Retain comparable own-fleet reported fuel; qualify scope relative to the new fleet page.,8a3c884b0d26a3c5819a9a0b702024ab60485d1e
28,25,"Road carries most reported freight tonnage, making transferable haul distance a key diesel lever",updated,Add the spending-based operator fuel proxy; preserve the tonne-kilometre evidence gap.,8a3c884b0d26a3c5819a9a0b702024ab60485d1e
29,26,Rail funding and reliable service determine how much road freight can return to rail,retained,Reviewed against workbook scope; existing evidence or illustrative treatment retained.,8a3c884b0d26a3c5819a9a0b702024ab60485d1e
30,27,"Gauteng demand establishes market scale, while Lesedi capture and turnover determine throughput",updated,Add estimated provincial updates without converting sales or capacity into current share.,8a3c884b0d26a3c5819a9a0b702024ab60485d1e
31,28,"Every market world passes through explicit demand, supply, capture and operating levers",updated,Expose the expanded lever register without adopting analyst proposals.,8a3c884b0d26a3c5819a9a0b702024ab60485d1e
32,29,Generation timing must close the power balance before residual diesel can be forecast,updated,Replace generic fleet-data gap wording with the assembled fleet and remaining dispatch dependencies.,8a3c884b0d26a3c5819a9a0b702024ab60485d1e
33,,The diesel fleet and replacement timing define the power-demand cases,new,"New fleet inventory and analyst power scenarios, expressly unapproved.",8a3c884b0d26a3c5819a9a0b702024ab60485d1e
34,30,SAPREF and Natref define capacity sensitivities; plant output must complete the supply paths,updated,Add operator output context and reinforce product-output versus nameplate distinction.,8a3c884b0d26a3c5819a9a0b702024ab60485d1e
35,31,Public capacity ratios establish scale but cannot substitute for realised terminal throughput,updated,Explain the accessible-market method alongside existing footprint proxies.,8a3c884b0d26a3c5819a9a0b702024ab60485d1e
36,32,"A matched demand snapshot is available, but the domestic supply balance still needs reconciliation",updated,"Extend national evidence, add RAF reconciliation flag and retain production/stock gap.",8a3c884b0d26a3c5819a9a0b702024ab60485d1e
37,33,The six-step bridge is implemented for screening; calibration now depends on the requested inputs,updated,"Refresh implementation status for the analyst workbook, without asserting forecast integration.",8a3c884b0d26a3c5819a9a0b702024ab60485d1e
38,34,"Demand, supply and corridor access translate into captured throughput and required tank turns",updated,Align original synthesis with the updated consumption scale.,8a3c884b0d26a3c5819a9a0b702024ab60485d1e
39,35,The illustration gives extra tanks only R8m more NPV than improvement alone,retained,Reviewed against workbook scope; existing evidence or illustrative treatment retained.,8a3c884b0d26a3c5819a9a0b702024ab60485d1e
40,36,Vopak reports anchor capacity and the revenue model; they do not disclose Lesedi project economics,updated,Prevent double-counting the commissioned Lesedi expansion in the asset evidence.,8a3c884b0d26a3c5819a9a0b702024ab60485d1e
41,37,The investment result rests on explicit assumptions that must be replaced or agreed,retained,Reviewed against workbook scope; existing evidence or illustrative treatment retained.,8a3c884b0d26a3c5819a9a0b702024ab60485d1e
42,38,Small changes in capture or economics overturn the illustrated tank-expansion choice,retained,Reviewed against workbook scope; existing evidence or illustrative treatment retained.,8a3c884b0d26a3c5819a9a0b702024ab60485d1e
43,39,Illustrative tank turns test handling potential; actual operating limits still need validation,retained,Reviewed against workbook scope; existing evidence or illustrative treatment retained.,8a3c884b0d26a3c5819a9a0b702024ab60485d1e
