country,period,scenario,series,value,unit
ZAF,2012,shared,diesel_005_coast_wholesale,1051.387,"cents per litre, average of 12 months"
ZAF,2012,shared,diesel_005_inland_wholesale,1075.012,"cents per litre, average of 12 months"
ZAF,2012,shared,paraffin_coast,772.311,"cents per litre, average of 12 months"
ZAF,2012,shared,paraffin_inland,812.711,"cents per litre, average of 12 months"
ZAF,2012,shared,petrol_93_inland_retail,1136.583,"cents per litre, average of 12 months"
ZAF,2012,shared,petrol_95_coast_retail,1123.0,"cents per litre, average of 12 months"
ZAF,2012,shared,petrol_95_inland_retail,1156.333,"cents per litre, average of 12 months"
ZAF,2013,shared,diesel_005_coast_wholesale,1172.895,"cents per litre, average of 12 months"
ZAF,2013,shared,diesel_005_inland_wholesale,1199.02,"cents per litre, average of 12 months"
ZAF,2013,shared,paraffin_coast,871.986,"cents per litre, average of 12 months"
ZAF,2013,shared,paraffin_inland,916.886,"cents per litre, average of 12 months"
ZAF,2013,shared,petrol_93_inland_retail,1261.583,"cents per litre, average of 12 months"
ZAF,2013,shared,petrol_95_coast_retail,1255.667,"cents per litre, average of 12 months"
ZAF,2013,shared,petrol_95_inland_retail,1292.167,"cents per litre, average of 12 months"
ZAF,2014,shared,diesel_005_coast_wholesale,1240.532,"cents per litre, average of 12 months"
ZAF,2014,shared,diesel_005_inland_wholesale,1270.132,"cents per litre, average of 12 months"
ZAF,2014,shared,paraffin_coast,926.536,"cents per litre, average of 12 months"
ZAF,2014,shared,paraffin_inland,975.661,"cents per litre, average of 12 months"
ZAF,2014,shared,petrol_93_inland_retail,1362.083,"cents per litre, average of 12 months"
ZAF,2014,shared,petrol_95_coast_retail,1343.833,"cents per litre, average of 12 months"
ZAF,2014,shared,petrol_95_inland_retail,1383.833,"cents per litre, average of 12 months"
ZAF,2015,shared,diesel_005_coast_wholesale,1048.616,"cents per litre, average of 12 months"
ZAF,2015,shared,diesel_005_inland_wholesale,1077.358,"cents per litre, average of 12 months"
ZAF,2015,shared,paraffin_coast,670.486,"cents per litre, average of 12 months"
ZAF,2015,shared,paraffin_inland,722.786,"cents per litre, average of 12 months"
ZAF,2015,shared,petrol_93_inland_retail,1214.833,"cents per litre, average of 12 months"
ZAF,2015,shared,petrol_95_coast_retail,1198.833,"cents per litre, average of 12 months"
ZAF,2015,shared,petrol_95_inland_retail,1241.333,"cents per litre, average of 12 months"
ZAF,2016,shared,diesel_005_coast_wholesale,1027.05,"cents per litre, average of 12 months"
ZAF,2016,shared,diesel_005_inland_wholesale,1064.025,"cents per litre, average of 12 months"
ZAF,2016,shared,paraffin_coast,627.708,"cents per litre, average of 12 months"
ZAF,2016,shared,paraffin_inland,663.708,"cents per litre, average of 12 months"
ZAF,2016,shared,petrol_93_inland_retail,1234.917,"cents per litre, average of 12 months"
ZAF,2016,shared,petrol_95_coast_retail,1219.917,"cents per litre, average of 12 months"
ZAF,2016,shared,petrol_95_inland_retail,1258.667,"cents per litre, average of 12 months"
ZAF,2017,shared,diesel_005_coast_wholesale,1135.605,"cents per litre, average of 12 months"
ZAF,2017,shared,diesel_005_inland_wholesale,1174.23,"cents per litre, average of 12 months"
ZAF,2017,shared,paraffin_coast,684.913,"cents per litre, average of 12 months"
ZAF,2017,shared,paraffin_inland,741.988,"cents per litre, average of 12 months"
ZAF,2017,shared,petrol_93_inland_retail,1339.083,"cents per litre, average of 12 months"
ZAF,2017,shared,petrol_95_coast_retail,1314.333,"cents per litre, average of 12 months"
ZAF,2017,shared,petrol_95_inland_retail,1362.333,"cents per litre, average of 12 months"
ZAF,2018,shared,diesel_005_coast_wholesale,1348.624,"cents per litre, average of 12 months"
ZAF,2018,shared,diesel_005_inland_wholesale,1394.899,"cents per litre, average of 12 months"
ZAF,2018,shared,paraffin_coast,853.945,"cents per litre, average of 12 months"
ZAF,2018,shared,paraffin_inland,913.795,"cents per litre, average of 12 months"
ZAF,2018,shared,petrol_93_inland_retail,1519.25,"cents per litre, average of 12 months"
ZAF,2018,shared,petrol_95_coast_retail,1485.75,"cents per litre, average of 12 months"
ZAF,2018,shared,petrol_95_inland_retail,1542.25,"cents per litre, average of 12 months"
ZAF,2019,shared,diesel_005_coast_wholesale,1386.682,"cents per litre, average of 12 months"
ZAF,2019,shared,diesel_005_inland_wholesale,1439.565,"cents per litre, average of 12 months"
ZAF,2019,shared,paraffin_coast,855.407,"cents per litre, average of 12 months"
ZAF,2019,shared,paraffin_inland,920.932,"cents per litre, average of 12 months"
ZAF,2019,shared,petrol_93_inland_retail,1547.75,"cents per litre, average of 12 months"
ZAF,2019,shared,petrol_95_coast_retail,1510.75,"cents per litre, average of 12 months"
ZAF,2019,shared,petrol_95_inland_retail,1573.5,"cents per litre, average of 12 months"
ZAF,2020,shared,diesel_005_coast_wholesale,1234.532,"cents per litre, average of 12 months"
ZAF,2020,shared,diesel_005_inland_wholesale,1293.307,"cents per litre, average of 12 months"
ZAF,2020,shared,paraffin_coast,634.675,"cents per litre, average of 12 months"
ZAF,2020,shared,paraffin_inland,698.737,"cents per litre, average of 12 months"
ZAF,2020,shared,petrol_93_inland_retail,1449.667,"cents per litre, average of 12 months"
ZAF,2020,shared,petrol_95_coast_retail,1414.75,"cents per litre, average of 12 months"
ZAF,2020,shared,petrol_95_inland_retail,1474.917,"cents per litre, average of 12 months"
ZAF,2021,shared,diesel_005_coast_wholesale,1452.813,"cents per litre, average of 12 months"
ZAF,2021,shared,diesel_005_inland_wholesale,1514.013,"cents per litre, average of 12 months"
ZAF,2021,shared,paraffin_coast,843.188,"cents per litre, average of 12 months"
ZAF,2021,shared,paraffin_inland,924.888,"cents per litre, average of 12 months"
ZAF,2021,shared,petrol_93_inland_retail,1736.0,"cents per litre, average of 12 months"
ZAF,2021,shared,petrol_95_coast_retail,1681.25,"cents per litre, average of 12 months"
ZAF,2021,shared,petrol_95_inland_retail,1756.0,"cents per litre, average of 12 months"
ZAF,2022,shared,diesel_005_coast_wholesale,2171.384,"cents per litre, average of 12 months"
ZAF,2022,shared,diesel_005_inland_wholesale,2235.343,"cents per litre, average of 12 months"
ZAF,2022,shared,paraffin_coast,1542.044,"cents per litre, average of 12 months"
ZAF,2022,shared,paraffin_inland,1622.144,"cents per litre, average of 12 months"
ZAF,2022,shared,petrol_93_inland_retail,2247.667,"cents per litre, average of 12 months"
ZAF,2022,shared,petrol_95_coast_retail,2211.417,"cents per litre, average of 12 months"
ZAF,2022,shared,petrol_95_inland_retail,2279.583,"cents per litre, average of 12 months"
ZAF,2023,shared,diesel_005_coast_wholesale,2081.965,"cents per litre, average of 12 months"
ZAF,2023,shared,diesel_005_inland_wholesale,2152.415,"cents per litre, average of 12 months"
ZAF,2023,shared,paraffin_coast,1487.598,"cents per litre, average of 12 months"
ZAF,2023,shared,paraffin_inland,1576.773,"cents per litre, average of 12 months"
ZAF,2023,shared,petrol_93_inland_retail,2276.333,"cents per litre, average of 12 months"
ZAF,2023,shared,petrol_95_coast_retail,2243.333,"cents per litre, average of 12 months"
ZAF,2023,shared,petrol_95_inland_retail,2313.583,"cents per litre, average of 12 months"
