country,period,scenario,flow,product,value,unit,source_report
ZAF,2009,shared,export,diesel,853000000.0,litres,2021
ZAF,2010,shared,export,diesel,736000000.0,litres,2021
ZAF,2011,shared,export,diesel,538000000.0,litres,2021
ZAF,2012,shared,export,diesel,929000000.0,litres,2022
ZAF,2013,shared,export,diesel,1620000000.0,litres,2023
ZAF,2014,shared,export,diesel,1493000000.0,litres,2024
ZAF,2015,shared,export,diesel,1625000000.0,litres,2024
ZAF,2016,shared,export,diesel,1887000000.0,litres,2025
ZAF,2017,shared,export,diesel,1784000000.0,litres,2025
ZAF,2018,shared,export,diesel,1838000000.0,litres,2025
ZAF,2019,shared,export,diesel,1786000000.0,litres,2025
ZAF,2020,shared,export,diesel,914000000.0,litres,2025
ZAF,2021,shared,export,diesel,895000000.0,litres,2025
ZAF,2022,shared,export,diesel,698000000.0,litres,2025
ZAF,2023,shared,export,diesel,935000000.0,litres,2025
ZAF,2024,shared,export,diesel,821000000.0,litres,2025
ZAF,2025,shared,export,diesel,748000000.0,litres,2025
ZAF,2009,shared,export,kerosene,56000000.0,litres,2021
ZAF,2010,shared,export,kerosene,69000000.0,litres,2021
ZAF,2011,shared,export,kerosene,160000000.0,litres,2021
ZAF,2012,shared,export,kerosene,145000000.0,litres,2022
ZAF,2013,shared,export,kerosene,81000000.0,litres,2023
ZAF,2014,shared,export,kerosene,155000000.0,litres,2024
ZAF,2015,shared,export,kerosene,887000000.0,litres,2024
ZAF,2016,shared,export,kerosene,381000000.0,litres,2025
ZAF,2017,shared,export,kerosene,395000000.0,litres,2025
ZAF,2018,shared,export,kerosene,441000000.0,litres,2025
ZAF,2019,shared,export,kerosene,331000000.0,litres,2025
ZAF,2020,shared,export,kerosene,671000000.0,litres,2025
ZAF,2021,shared,export,kerosene,147000000.0,litres,2025
ZAF,2022,shared,export,kerosene,14000000.0,litres,2025
ZAF,2023,shared,export,kerosene,481000000.0,litres,2025
ZAF,2024,shared,export,kerosene,479000000.0,litres,2025
ZAF,2025,shared,export,kerosene,507000000.0,litres,2025
ZAF,2009,shared,export,lpg,53.0,kilotonnes,2021
ZAF,2010,shared,export,lpg,114.0,kilotonnes,2021
ZAF,2011,shared,export,lpg,85.0,kilotonnes,2021
ZAF,2012,shared,export,lpg,76.0,kilotonnes,2022
ZAF,2013,shared,export,lpg,55.0,kilotonnes,2023
ZAF,2014,shared,export,lpg,60.0,kilotonnes,2024
ZAF,2015,shared,export,lpg,69.0,kilotonnes,2024
ZAF,2016,shared,export,lpg,71.0,kilotonnes,2025
ZAF,2017,shared,export,lpg,104.0,kilotonnes,2025
ZAF,2018,shared,export,lpg,130.0,kilotonnes,2025
ZAF,2019,shared,export,lpg,110.0,kilotonnes,2025
ZAF,2020,shared,export,lpg,108.0,kilotonnes,2025
ZAF,2021,shared,export,lpg,109.0,kilotonnes,2025
ZAF,2022,shared,export,lpg,104.0,kilotonnes,2025
ZAF,2023,shared,export,lpg,252.0,kilotonnes,2025
ZAF,2024,shared,export,lpg,232.0,kilotonnes,2025
ZAF,2025,shared,export,lpg,357.0,kilotonnes,2025
ZAF,2009,shared,export,petrol,444000000.0,litres,2021
ZAF,2010,shared,export,petrol,439000000.0,litres,2021
ZAF,2011,shared,export,petrol,234000000.0,litres,2021
ZAF,2012,shared,export,petrol,444000000.0,litres,2022
ZAF,2013,shared,export,petrol,956000000.0,litres,2023
ZAF,2014,shared,export,petrol,989000000.0,litres,2024
ZAF,2015,shared,export,petrol,1086000000.0,litres,2024
ZAF,2016,shared,export,petrol,1159000000.0,litres,2025
ZAF,2017,shared,export,petrol,1082000000.0,litres,2025
ZAF,2018,shared,export,petrol,1321000000.0,litres,2025
ZAF,2019,shared,export,petrol,1179000000.0,litres,2025
ZAF,2020,shared,export,petrol,1155000000.0,litres,2025
ZAF,2021,shared,export,petrol,1054000000.0,litres,2025
ZAF,2022,shared,export,petrol,793000000.0,litres,2025
ZAF,2023,shared,export,petrol,1018000000.0,litres,2025
ZAF,2024,shared,export,petrol,939000000.0,litres,2025
ZAF,2025,shared,export,petrol,802000000.0,litres,2025
ZAF,2009,shared,import,diesel,2314000000.0,litres,2021
ZAF,2010,shared,import,diesel,2575000000.0,litres,2021
ZAF,2011,shared,import,diesel,3753000000.0,litres,2021
ZAF,2012,shared,import,diesel,3247000000.0,litres,2022
ZAF,2013,shared,import,diesel,4254000000.0,litres,2023
ZAF,2014,shared,import,diesel,4997000000.0,litres,2024
ZAF,2015,shared,import,diesel,6451000000.0,litres,2024
ZAF,2016,shared,import,diesel,4424000000.0,litres,2025
ZAF,2017,shared,import,diesel,6036000000.0,litres,2025
ZAF,2018,shared,import,diesel,6105000000.0,litres,2025
ZAF,2019,shared,import,diesel,5858000000.0,litres,2025
ZAF,2020,shared,import,diesel,6815000000.0,litres,2025
ZAF,2021,shared,import,diesel,9567000000.0,litres,2025
ZAF,2022,shared,import,diesel,11914000000.0,litres,2025
ZAF,2023,shared,import,diesel,12794000000.0,litres,2025
ZAF,2024,shared,import,diesel,14793000000.0,litres,2025
ZAF,2025,shared,import,diesel,12249000000.0,litres,2025
ZAF,2009,shared,import,kerosene,107000000.0,litres,2021
ZAF,2010,shared,import,kerosene,268000000.0,litres,2021
ZAF,2011,shared,import,kerosene,251000000.0,litres,2021
ZAF,2012,shared,import,kerosene,231000000.0,litres,2022
ZAF,2013,shared,import,kerosene,183000000.0,litres,2023
ZAF,2014,shared,import,kerosene,288000000.0,litres,2024
ZAF,2015,shared,import,kerosene,275000000.0,litres,2024
ZAF,2016,shared,import,kerosene,108000000.0,litres,2025
ZAF,2017,shared,import,kerosene,421000000.0,litres,2025
ZAF,2018,shared,import,kerosene,395000000.0,litres,2025
ZAF,2019,shared,import,kerosene,462000000.0,litres,2025
ZAF,2020,shared,import,kerosene,680000000.0,litres,2025
ZAF,2021,shared,import,kerosene,1001000000.0,litres,2025
ZAF,2022,shared,import,kerosene,964000000.0,litres,2025
ZAF,2023,shared,import,kerosene,963000000.0,litres,2025
ZAF,2024,shared,import,kerosene,1053000000.0,litres,2025
ZAF,2025,shared,import,kerosene,1999000000.0,litres,2025
ZAF,2009,shared,import,lpg,23.0,kilotonnes,2021
ZAF,2010,shared,import,lpg,7.55,kilotonnes,2021
ZAF,2011,shared,import,lpg,50.0,kilotonnes,2021
ZAF,2012,shared,import,lpg,32.0,kilotonnes,2022
ZAF,2013,shared,import,lpg,74.0,kilotonnes,2023
ZAF,2014,shared,import,lpg,47.0,kilotonnes,2024
ZAF,2015,shared,import,lpg,99.0,kilotonnes,2024
ZAF,2016,shared,import,lpg,183.0,kilotonnes,2025
ZAF,2017,shared,import,lpg,182.0,kilotonnes,2025
ZAF,2018,shared,import,lpg,187.0,kilotonnes,2025
ZAF,2019,shared,import,lpg,160.0,kilotonnes,2025
ZAF,2020,shared,import,lpg,268.0,kilotonnes,2025
ZAF,2021,shared,import,lpg,442.0,kilotonnes,2025
ZAF,2022,shared,import,lpg,368.0,kilotonnes,2025
ZAF,2023,shared,import,lpg,871.0,kilotonnes,2025
ZAF,2024,shared,import,lpg,2771.0,kilotonnes,2025
ZAF,2025,shared,import,lpg,3099.0,kilotonnes,2025
ZAF,2009,shared,import,petrol,1979000000.0,litres,2021
ZAF,2010,shared,import,petrol,2095000000.0,litres,2021
ZAF,2011,shared,import,petrol,2420000000.0,litres,2021
ZAF,2012,shared,import,petrol,1827000000.0,litres,2022
ZAF,2013,shared,import,petrol,1509000000.0,litres,2023
ZAF,2014,shared,import,petrol,1150000000.0,litres,2024
ZAF,2015,shared,import,petrol,1870000000.0,litres,2024
ZAF,2016,shared,import,petrol,1396000000.0,litres,2025
ZAF,2017,shared,import,petrol,2114000000.0,litres,2025
ZAF,2018,shared,import,petrol,2195000000.0,litres,2025
ZAF,2019,shared,import,petrol,1477000000.0,litres,2025
ZAF,2020,shared,import,petrol,1720000000.0,litres,2025
ZAF,2021,shared,import,petrol,4009000000.0,litres,2025
ZAF,2022,shared,import,petrol,5455000000.0,litres,2025
ZAF,2023,shared,import,petrol,4483000000.0,litres,2025
ZAF,2024,shared,import,petrol,4000000000.0,litres,2025
ZAF,2025,shared,import,petrol,4453000000.0,litres,2025
