country,period,scenario,product,value,unit,quarters_reported,source_file
ZAF,2005,shared,petrol,11170710222.0,litres,4,2005-Fuel-Sales-Volume.xlsx
ZAF,2005,shared,diesel,8116573441.0,litres,4,2005-Fuel-Sales-Volume.xlsx
ZAF,2005,shared,jet,2179823724.0,litres,4,2005-Fuel-Sales-Volume.xlsx
ZAF,2005,shared,paraffin,761763895.0,litres,4,2005-Fuel-Sales-Volume.xlsx
ZAF,2005,shared,lpg,549993266.0,litres,4,2005-Fuel-Sales-Volume.xlsx
ZAF,2005,shared,fuel_oil,488806726.0,litres,4,2005-Fuel-Sales-Volume.xlsx
ZAF,2005,shared,aviation_gasoline,23667796.0,litres,4,2005-Fuel-Sales-Volume.xlsx
ZAF,2006,shared,petrol,11278412253.0,litres,4,2006-Fuel-Sales-Volume.xlsx
ZAF,2006,shared,diesel,8707405264.0,litres,4,2006-Fuel-Sales-Volume.xlsx
ZAF,2006,shared,jet,2272388968.0,litres,4,2006-Fuel-Sales-Volume.xlsx
ZAF,2006,shared,paraffin,738193338.0,litres,4,2006-Fuel-Sales-Volume.xlsx
ZAF,2006,shared,lpg,604332514.0,litres,4,2006-Fuel-Sales-Volume.xlsx
ZAF,2006,shared,fuel_oil,475986722.0,litres,4,2006-Fuel-Sales-Volume.xlsx
ZAF,2006,shared,aviation_gasoline,21968916.0,litres,4,2006-Fuel-Sales-Volume.xlsx
ZAF,2007,shared,petrol,11568813336.0,litres,4,2007-Fuel-Sales-Volume.xlsx
ZAF,2007,shared,diesel,10141584286.0,litres,4,2007-Fuel-Sales-Volume.xlsx
ZAF,2007,shared,jet,2401927736.0,litres,4,2007-Fuel-Sales-Volume.xlsx
ZAF,2007,shared,paraffin,707756467.0,litres,4,2007-Fuel-Sales-Volume.xlsx
ZAF,2007,shared,lpg,670637703.0,litres,4,2007-Fuel-Sales-Volume.xlsx
ZAF,2007,shared,fuel_oil,465022812.0,litres,4,2007-Fuel-Sales-Volume.xlsx
ZAF,2007,shared,aviation_gasoline,21917736.0,litres,4,2007-Fuel-Sales-Volume.xlsx
ZAF,2008,shared,petrol,11086938407.0,litres,4,2008-Fuel-Sales-Volume.xlsx
ZAF,2008,shared,diesel,10385030955.0,litres,4,2008-Fuel-Sales-Volume.xlsx
ZAF,2008,shared,jet,2376056180.0,litres,4,2008-Fuel-Sales-Volume.xlsx
ZAF,2008,shared,paraffin,543923381.0,litres,4,2008-Fuel-Sales-Volume.xlsx
ZAF,2008,shared,lpg,672078090.0,litres,4,2008-Fuel-Sales-Volume.xlsx
ZAF,2008,shared,fuel_oil,555005817.0,litres,4,2008-Fuel-Sales-Volume.xlsx
ZAF,2008,shared,aviation_gasoline,20329906.0,litres,4,2008-Fuel-Sales-Volume.xlsx
ZAF,2009,shared,petrol,11321186218.0,litres,4,2009-Fuel-Sales-Volume.xlsx
ZAF,2009,shared,diesel,9437131324.0,litres,4,2009-Fuel-Sales-Volume.xlsx
ZAF,2009,shared,jet,2348650872.0,litres,4,2009-Fuel-Sales-Volume.xlsx
ZAF,2009,shared,paraffin,551372360.0,litres,4,2009-Fuel-Sales-Volume.xlsx
ZAF,2009,shared,lpg,554343665.0,litres,4,2009-Fuel-Sales-Volume.xlsx
ZAF,2009,shared,fuel_oil,723546553.0,litres,4,2009-Fuel-Sales-Volume.xlsx
ZAF,2009,shared,aviation_gasoline,19322971.0,litres,4,2009-Fuel-Sales-Volume.xlsx
ZAF,2010,shared,diesel,10451548684.0,litres,4,2010-National-Aggregated-FSV.xls
ZAF,2010,shared,petrol,11788234670.0,litres,4,2010-National-Aggregated-FSV.xls
ZAF,2010,shared,jet,2442388979.0,litres,4,2010-National-Aggregated-FSV.xls
ZAF,2010,shared,paraffin,595096689.0,litres,4,2010-National-Aggregated-FSV.xls
ZAF,2010,shared,fuel_oil,480660091.0,litres,4,2010-National-Aggregated-FSV.xls
ZAF,2010,shared,lpg,633970948.0,litres,4,2010-National-Aggregated-FSV.xls
ZAF,2010,shared,aviation_gasoline,18071667.0,litres,4,2010-National-Aggregated-FSV.xls
ZAF,2011,shared,diesel,11470381512.0,litres,4,2011-National-Aggregated-FSV.xls
ZAF,2011,shared,petrol,12278314707.0,litres,4,2011-National-Aggregated-FSV.xls
ZAF,2011,shared,jet,2540993998.0,litres,4,2011-National-Aggregated-FSV.xls
ZAF,2011,shared,paraffin,597461099.0,litres,4,2011-National-Aggregated-FSV.xls
ZAF,2011,shared,fuel_oil,464912879.0,litres,4,2011-National-Aggregated-FSV.xls
ZAF,2011,shared,lpg,728003610.0,litres,4,2011-National-Aggregated-FSV.xls
ZAF,2011,shared,aviation_gasoline,21524281.0,litres,4,2011-National-Aggregated-FSV.xls
ZAF,2012,shared,diesel,11663340680.0,litres,4,2012-National-Aggregated-FSV.xls
ZAF,2012,shared,petrol,12060330013.0,litres,4,2012-National-Aggregated-FSV.xls
ZAF,2012,shared,jet,2431085480.0,litres,4,2012-National-Aggregated-FSV.xls
ZAF,2012,shared,paraffin,558120300.0,litres,4,2012-National-Aggregated-FSV.xls
ZAF,2012,shared,fuel_oil,540890711.0,litres,4,2012-National-Aggregated-FSV.xls
ZAF,2012,shared,lpg,618260909.0,litres,4,2012-National-Aggregated-FSV.xls
ZAF,2012,shared,aviation_gasoline,30290145.0,litres,4,2012-National-Aggregated-FSV.xls
ZAF,2013,shared,diesel,12141281548.0,litres,4,2013-Annual-FSV-at-National-Level-07-February-2014.xlsx
ZAF,2013,shared,petrol,11439925235.0,litres,4,2013-Annual-FSV-at-National-Level-07-February-2014.xlsx
ZAF,2013,shared,jet,2305651372.0,litres,4,2013-Annual-FSV-at-National-Level-07-February-2014.xlsx
ZAF,2013,shared,paraffin,538617919.0,litres,4,2013-Annual-FSV-at-National-Level-07-February-2014.xlsx
ZAF,2013,shared,fuel_oil,560574922.0,litres,4,2013-Annual-FSV-at-National-Level-07-February-2014.xlsx
ZAF,2013,shared,lpg,499517824.0,litres,4,2013-Annual-FSV-at-National-Level-07-February-2014.xlsx
ZAF,2013,shared,aviation_gasoline,29542366.0,litres,4,2013-Annual-FSV-at-National-Level-07-February-2014.xlsx
ZAF,2014,shared,diesel,12615023359.0,litres,4,2014-Annual-FSV-at-National-Level-Quarter-3-16Jan2015.xlsx
ZAF,2014,shared,petrol,10890207679.0,litres,4,2014-Annual-FSV-at-National-Level-Quarter-3-16Jan2015.xlsx
ZAF,2014,shared,jet,2293018714.0,litres,4,2014-Annual-FSV-at-National-Level-Quarter-3-16Jan2015.xlsx
ZAF,2014,shared,paraffin,517404551.0,litres,4,2014-Annual-FSV-at-National-Level-Quarter-3-16Jan2015.xlsx
ZAF,2014,shared,fuel_oil,554143896.0,litres,4,2014-Annual-FSV-at-National-Level-Quarter-3-16Jan2015.xlsx
ZAF,2014,shared,lpg,466516112.0,litres,4,2014-Annual-FSV-at-National-Level-Quarter-3-16Jan2015.xlsx
ZAF,2014,shared,aviation_gasoline,22215243.0,litres,4,2014-Annual-FSV-at-National-Level-Quarter-3-16Jan2015.xlsx
ZAF,2015,shared,diesel,13520139251.95,litres,4,2015-Annual-FSV-at-National-Level.xlsx
ZAF,2015,shared,petrol,11475709420.318,litres,4,2015-Annual-FSV-at-National-Level.xlsx
ZAF,2015,shared,jet,2457951296.55,litres,4,2015-Annual-FSV-at-National-Level.xlsx
ZAF,2015,shared,paraffin,583343263.847,litres,4,2015-Annual-FSV-at-National-Level.xlsx
ZAF,2015,shared,fuel_oil,551369843.333,litres,4,2015-Annual-FSV-at-National-Level.xlsx
ZAF,2015,shared,lpg,583979496.922,litres,4,2015-Annual-FSV-at-National-Level.xlsx
ZAF,2015,shared,aviation_gasoline,19703724.0,litres,4,2015-Annual-FSV-at-National-Level.xlsx
ZAF,2016,shared,diesel,12082374038.422,litres,4,2016-National-Aggregated-Fuel-Sales-Volumes-data.xlsx
ZAF,2016,shared,petrol,11462252466.686,litres,4,2016-National-Aggregated-Fuel-Sales-Volumes-data.xlsx
ZAF,2016,shared,jet,2598760123.418,litres,4,2016-National-Aggregated-Fuel-Sales-Volumes-data.xlsx
ZAF,2016,shared,paraffin,582414311.951,litres,4,2016-National-Aggregated-Fuel-Sales-Volumes-data.xlsx
ZAF,2016,shared,fuel_oil,562620645.9530001,litres,4,2016-National-Aggregated-Fuel-Sales-Volumes-data.xlsx
ZAF,2016,shared,lpg,609624386.463,litres,4,2016-National-Aggregated-Fuel-Sales-Volumes-data.xlsx
ZAF,2016,shared,aviation_gasoline,17614831.636,litres,4,2016-National-Aggregated-Fuel-Sales-Volumes-data.xlsx
ZAF,2017,shared,diesel,12147245167.188997,litres,4,2017-Quarter3-FSV-Annual-data.xls
ZAF,2017,shared,petrol,11174082980.369999,litres,4,2017-Quarter3-FSV-Annual-data.xls
ZAF,2017,shared,jet,2712662668.234242,litres,4,2017-Quarter3-FSV-Annual-data.xls
ZAF,2017,shared,paraffin,648308291.039,litres,4,2017-Quarter3-FSV-Annual-data.xls
ZAF,2017,shared,fuel_oil,523138027.611947,litres,4,2017-Quarter3-FSV-Annual-data.xls
ZAF,2017,shared,lpg,551315511.526578,litres,4,2017-Quarter3-FSV-Annual-data.xls
ZAF,2017,shared,aviation_gasoline,13761048.311999999,litres,4,2017-Quarter3-FSV-Annual-data.xls
ZAF,2018,shared,diesel,12538744325.998,litres,4,2018-National-Aggregated-FSV.xls
ZAF,2018,shared,petrol,11141630546.702,litres,4,2018-National-Aggregated-FSV.xls
ZAF,2018,shared,jet,2346059526.818,litres,4,2018-National-Aggregated-FSV.xls
ZAF,2018,shared,paraffin,702105113.739,litres,4,2018-National-Aggregated-FSV.xls
ZAF,2018,shared,fuel_oil,552330571.5730001,litres,4,2018-National-Aggregated-FSV.xls
ZAF,2018,shared,lpg,504345671.547,litres,4,2018-National-Aggregated-FSV.xls
ZAF,2018,shared,aviation_gasoline,10664915.7,litres,4,2018-National-Aggregated-FSV.xls
ZAF,2019,shared,diesel,12908631232.217,litres,4,2019-National-Aggregated-FSV.xls
ZAF,2019,shared,petrol,10773208065.062,litres,4,2019-National-Aggregated-FSV.xls
ZAF,2019,shared,jet,2438852598.017,litres,4,2019-National-Aggregated-FSV.xls
ZAF,2019,shared,paraffin,619853846.397,litres,4,2019-National-Aggregated-FSV.xls
ZAF,2019,shared,fuel_oil,410006650.407,litres,4,2019-National-Aggregated-FSV.xls
ZAF,2019,shared,lpg,495495120.054,litres,4,2019-National-Aggregated-FSV.xls
ZAF,2019,shared,aviation_gasoline,10652540.33,litres,4,2019-National-Aggregated-FSV.xls
ZAF,2020,shared,diesel,11689957759.296,litres,4,2020-National-Aggregated-FSV-data-Quarter4.xls
ZAF,2020,shared,petrol,8761470961.496,litres,4,2020-National-Aggregated-FSV-data-Quarter4.xls
ZAF,2020,shared,jet,1090817659.253,litres,4,2020-National-Aggregated-FSV-data-Quarter4.xls
ZAF,2020,shared,paraffin,701513322.459,litres,4,2020-National-Aggregated-FSV-data-Quarter4.xls
ZAF,2020,shared,fuel_oil,486338090.845,litres,4,2020-National-Aggregated-FSV-data-Quarter4.xls
ZAF,2020,shared,lpg,447667745.905,litres,4,2020-National-Aggregated-FSV-data-Quarter4.xls
ZAF,2020,shared,aviation_gasoline,7551435.423,litres,4,2020-National-Aggregated-FSV-data-Quarter4.xls
ZAF,2021,shared,diesel,12945782750.435,litres,4,2021-National-Aggregated-FSV-data-Quarter4.xls
ZAF,2021,shared,petrol,9301584227.683,litres,4,2021-National-Aggregated-FSV-data-Quarter4.xls
ZAF,2021,shared,jet,1047881004.178,litres,4,2021-National-Aggregated-FSV-data-Quarter4.xls
ZAF,2021,shared,paraffin,1078419705.589,litres,4,2021-National-Aggregated-FSV-data-Quarter4.xls
ZAF,2021,shared,fuel_oil,491021358.301,litres,4,2021-National-Aggregated-FSV-data-Quarter4.xls
ZAF,2021,shared,lpg,308249232.161,litres,4,2021-National-Aggregated-FSV-data-Quarter4.xls
ZAF,2021,shared,aviation_gasoline,7064935.259,litres,4,2021-National-Aggregated-FSV-data-Quarter4.xls
ZAF,2022,shared,diesel,12717326319.019001,litres,4,2022-National-Aggregated-FSV-data-Quarter4.xls
ZAF,2022,shared,petrol,9184869915.573,litres,4,2022-National-Aggregated-FSV-data-Quarter4.xls
ZAF,2022,shared,jet,1478149852.603,litres,4,2022-National-Aggregated-FSV-data-Quarter4.xls
ZAF,2022,shared,paraffin,1177899631.504,litres,4,2022-National-Aggregated-FSV-data-Quarter4.xls
ZAF,2022,shared,fuel_oil,594040164.962,litres,4,2022-National-Aggregated-FSV-data-Quarter4.xls
ZAF,2022,shared,lpg,323389336.26600003,litres,4,2022-National-Aggregated-FSV-data-Quarter4.xls
ZAF,2022,shared,aviation_gasoline,4696431.317,litres,4,2022-National-Aggregated-FSV-data-Quarter4.xls
ZAF,2023,shared,diesel,12907499965.808,litres,4,2023-National-Aggregated-FSV-data-Quarter4.xls
ZAF,2023,shared,petrol,9036950113.492,litres,4,2023-National-Aggregated-FSV-data-Quarter4.xls
ZAF,2023,shared,jet,1843971762.465,litres,4,2023-National-Aggregated-FSV-data-Quarter4.xls
ZAF,2023,shared,paraffin,1298209530.779,litres,4,2023-National-Aggregated-FSV-data-Quarter4.xls
ZAF,2023,shared,fuel_oil,658093041.616,litres,4,2023-National-Aggregated-FSV-data-Quarter4.xls
ZAF,2023,shared,lpg,287953534.67,litres,4,2023-National-Aggregated-FSV-data-Quarter4.xls
ZAF,2023,shared,aviation_gasoline,6545875.593,litres,4,2023-National-Aggregated-FSV-data-Quarter4.xls
