country,period,scenario,series,value,unit,source_update,period_basis
ZAF,2010,shared,BX.KLT.DINV.WD.GD.ZS,0.884904611686012,percent of GDP,2026-07-13,calendar year
ZAF,2011,shared,BX.KLT.DINV.WD.GD.ZS,0.903381424332556,percent of GDP,2026-07-13,calendar year
ZAF,2012,shared,BX.KLT.DINV.WD.GD.ZS,1.06492249485696,percent of GDP,2026-07-13,calendar year
ZAF,2013,shared,BX.KLT.DINV.WD.GD.ZS,2.05358095229684,percent of GDP,2026-07-13,calendar year
ZAF,2014,shared,BX.KLT.DINV.WD.GD.ZS,1.51932743753979,percent of GDP,2026-07-13,calendar year
ZAF,2015,shared,BX.KLT.DINV.WD.GD.ZS,0.438735792056356,percent of GDP,2026-07-13,calendar year
ZAF,2016,shared,BX.KLT.DINV.WD.GD.ZS,0.684612553455795,percent of GDP,2026-07-13,calendar year
ZAF,2017,shared,BX.KLT.DINV.WD.GD.ZS,0.539673956759456,percent of GDP,2026-07-13,calendar year
ZAF,2018,shared,BX.KLT.DINV.WD.GD.ZS,1.3742911715346,percent of GDP,2026-07-13,calendar year
ZAF,2019,shared,BX.KLT.DINV.WD.GD.ZS,1.31407752293306,percent of GDP,2026-07-13,calendar year
ZAF,2020,shared,BX.KLT.DINV.WD.GD.ZS,0.933073684352391,percent of GDP,2026-07-13,calendar year
ZAF,2021,shared,BX.KLT.DINV.WD.GD.ZS,9.68098022663018,percent of GDP,2026-07-13,calendar year
ZAF,2022,shared,BX.KLT.DINV.WD.GD.ZS,2.26670277731613,percent of GDP,2026-07-13,calendar year
ZAF,2023,shared,BX.KLT.DINV.WD.GD.ZS,1.0127377916456,percent of GDP,2026-07-13,calendar year
ZAF,2024,shared,BX.KLT.DINV.WD.GD.ZS,0.580891709673066,percent of GDP,2026-07-13,calendar year
ZAF,2025,shared,BX.KLT.DINV.WD.GD.ZS,-0.505823116244258,percent of GDP,2026-07-13,calendar year
ZAF,2010,shared,NE.GDI.FTOT.ZS,17.5616357245929,percent of GDP,2026-07-13,calendar year
ZAF,2011,shared,NE.GDI.FTOT.ZS,17.8093691839418,percent of GDP,2026-07-13,calendar year
ZAF,2012,shared,NE.GDI.FTOT.ZS,17.934933446749,percent of GDP,2026-07-13,calendar year
ZAF,2013,shared,NE.GDI.FTOT.ZS,18.5787122077315,percent of GDP,2026-07-13,calendar year
ZAF,2014,shared,NE.GDI.FTOT.ZS,18.301198735847,percent of GDP,2026-07-13,calendar year
ZAF,2015,shared,NE.GDI.FTOT.ZS,18.0089532852253,percent of GDP,2026-07-13,calendar year
ZAF,2016,shared,NE.GDI.FTOT.ZS,17.4415036155936,percent of GDP,2026-07-13,calendar year
ZAF,2017,shared,NE.GDI.FTOT.ZS,16.3988051798909,percent of GDP,2026-07-13,calendar year
ZAF,2018,shared,NE.GDI.FTOT.ZS,15.9221674828456,percent of GDP,2026-07-13,calendar year
ZAF,2019,shared,NE.GDI.FTOT.ZS,15.4689896600747,percent of GDP,2026-07-13,calendar year
ZAF,2020,shared,NE.GDI.FTOT.ZS,13.7983605384555,percent of GDP,2026-07-13,calendar year
ZAF,2021,shared,NE.GDI.FTOT.ZS,13.1098786287254,percent of GDP,2026-07-13,calendar year
ZAF,2022,shared,NE.GDI.FTOT.ZS,14.182485143945,percent of GDP,2026-07-13,calendar year
ZAF,2023,shared,NE.GDI.FTOT.ZS,14.9347126554344,percent of GDP,2026-07-13,calendar year
ZAF,2024,shared,NE.GDI.FTOT.ZS,14.5217362279274,percent of GDP,2026-07-13,calendar year
ZAF,2025,shared,NE.GDI.FTOT.ZS,13.878930737765,percent of GDP,2026-07-13,calendar year
