country,period,scenario,drivetrain,value,unit,source_file
ZAF,2019,shared,battery_electric,154,vehicles,2024-11_20241118-naamsa-Q3-Review-of-Business-Conditions-2024.pdf
ZAF,2019,shared,plug_in_hybrid,72,vehicles,2024-11_20241118-naamsa-Q3-Review-of-Business-Conditions-2024.pdf
ZAF,2019,shared,total,407,vehicles,2024-11_20241118-naamsa-Q3-Review-of-Business-Conditions-2024.pdf
ZAF,2019,shared,traditional_hybrid,181,vehicles,2024-11_20241118-naamsa-Q3-Review-of-Business-Conditions-2024.pdf
ZAF,2020,shared,battery_electric,92,vehicles,2026-08_20260820-naamsa-2nd-Quarter-2026-Review-of-Business-Conditions.pdf
ZAF,2020,shared,plug_in_hybrid,77,vehicles,2026-08_20260820-naamsa-2nd-Quarter-2026-Review-of-Business-Conditions.pdf
ZAF,2020,shared,total,324,vehicles,2026-08_20260820-naamsa-2nd-Quarter-2026-Review-of-Business-Conditions.pdf
ZAF,2020,shared,traditional_hybrid,155,vehicles,2026-08_20260820-naamsa-2nd-Quarter-2026-Review-of-Business-Conditions.pdf
ZAF,2021,shared,battery_electric,218,vehicles,2026-08_20260820-naamsa-2nd-Quarter-2026-Review-of-Business-Conditions.pdf
ZAF,2021,shared,plug_in_hybrid,51,vehicles,2026-08_20260820-naamsa-2nd-Quarter-2026-Review-of-Business-Conditions.pdf
ZAF,2021,shared,total,896,vehicles,2026-08_20260820-naamsa-2nd-Quarter-2026-Review-of-Business-Conditions.pdf
ZAF,2021,shared,traditional_hybrid,627,vehicles,2026-08_20260820-naamsa-2nd-Quarter-2026-Review-of-Business-Conditions.pdf
ZAF,2022,shared,battery_electric,502,vehicles,2026-08_20260820-naamsa-2nd-Quarter-2026-Review-of-Business-Conditions.pdf
ZAF,2022,shared,plug_in_hybrid,122,vehicles,2026-08_20260820-naamsa-2nd-Quarter-2026-Review-of-Business-Conditions.pdf
ZAF,2022,shared,total,4694,vehicles,2026-08_20260820-naamsa-2nd-Quarter-2026-Review-of-Business-Conditions.pdf
ZAF,2022,shared,traditional_hybrid,4070,vehicles,2026-08_20260820-naamsa-2nd-Quarter-2026-Review-of-Business-Conditions.pdf
ZAF,2023,shared,battery_electric,929,vehicles,2026-08_20260820-naamsa-2nd-Quarter-2026-Review-of-Business-Conditions.pdf
ZAF,2023,shared,plug_in_hybrid,368,vehicles,2026-08_20260820-naamsa-2nd-Quarter-2026-Review-of-Business-Conditions.pdf
ZAF,2023,shared,total,7782,vehicles,2026-08_20260820-naamsa-2nd-Quarter-2026-Review-of-Business-Conditions.pdf
ZAF,2023,shared,traditional_hybrid,6485,vehicles,2026-08_20260820-naamsa-2nd-Quarter-2026-Review-of-Business-Conditions.pdf
ZAF,2024,shared,battery_electric,1257,vehicles,2026-08_20260820-naamsa-2nd-Quarter-2026-Review-of-Business-Conditions.pdf
ZAF,2024,shared,plug_in_hybrid,738,vehicles,2026-08_20260820-naamsa-2nd-Quarter-2026-Review-of-Business-Conditions.pdf
ZAF,2024,shared,total,15611,vehicles,2026-08_20260820-naamsa-2nd-Quarter-2026-Review-of-Business-Conditions.pdf
ZAF,2024,shared,traditional_hybrid,13616,vehicles,2026-08_20260820-naamsa-2nd-Quarter-2026-Review-of-Business-Conditions.pdf
ZAF,2025,shared,battery_electric,1088,vehicles,2026-08_20260820-naamsa-2nd-Quarter-2026-Review-of-Business-Conditions.pdf
ZAF,2025,shared,plug_in_hybrid,2810,vehicles,2026-08_20260820-naamsa-2nd-Quarter-2026-Review-of-Business-Conditions.pdf
ZAF,2025,shared,total,16716,vehicles,2026-08_20260820-naamsa-2nd-Quarter-2026-Review-of-Business-Conditions.pdf
ZAF,2025,shared,traditional_hybrid,12818,vehicles,2026-08_20260820-naamsa-2nd-Quarter-2026-Review-of-Business-Conditions.pdf
