country,period,scenario,segment,value,unit,basis,source_file
ZAF,2015,shared,cars,412397,vehicles,actual,2024-11_20241118-Industry-Vehicle-Sales-2015-2025-Actual-and-Projections.pdf
ZAF,2015,shared,light_commercial,174812,vehicles,actual,2024-11_20241118-Industry-Vehicle-Sales-2015-2025-Actual-and-Projections.pdf
ZAF,2015,shared,medium_heavy_commercial,30441,vehicles,actual,2024-11_20241118-Industry-Vehicle-Sales-2015-2025-Actual-and-Projections.pdf
ZAF,2015,shared,total,617650,vehicles,actual,2024-11_20241118-Industry-Vehicle-Sales-2015-2025-Actual-and-Projections.pdf
ZAF,2016,shared,cars,361265,vehicles,actual,2025-11_20251117-Industry-Vehicle-Sales-2016-2026-Actual-and-Projections.pdf
ZAF,2016,shared,light_commercial,159316,vehicles,actual,2025-11_20251117-Industry-Vehicle-Sales-2016-2026-Actual-and-Projections.pdf
ZAF,2016,shared,medium_heavy_commercial,26972,vehicles,actual,2025-11_20251117-Industry-Vehicle-Sales-2016-2026-Actual-and-Projections.pdf
ZAF,2016,shared,total,547552,vehicles,actual,2025-11_20251117-Industry-Vehicle-Sales-2016-2026-Actual-and-Projections.pdf
ZAF,2017,shared,cars,368114,vehicles,actual,2026-08_20260817-Industry-Vehicle-Sales-2017-2027-Actual-and-Projections-updated.pdf
ZAF,2017,shared,light_commercial,163317,vehicles,actual,2026-08_20260817-Industry-Vehicle-Sales-2017-2027-Actual-and-Projections-updated.pdf
ZAF,2017,shared,medium_heavy_commercial,26272,vehicles,actual,2026-08_20260817-Industry-Vehicle-Sales-2017-2027-Actual-and-Projections-updated.pdf
ZAF,2017,shared,total,557719,vehicles,actual,2026-08_20260817-Industry-Vehicle-Sales-2017-2027-Actual-and-Projections-updated.pdf
ZAF,2018,shared,cars,365247,vehicles,actual,2026-08_20260817-Industry-Vehicle-Sales-2017-2027-Actual-and-Projections-updated.pdf
ZAF,2018,shared,light_commercial,159525,vehicles,actual,2026-08_20260817-Industry-Vehicle-Sales-2017-2027-Actual-and-Projections-updated.pdf
ZAF,2018,shared,medium_heavy_commercial,27449,vehicles,actual,2026-08_20260817-Industry-Vehicle-Sales-2017-2027-Actual-and-Projections-updated.pdf
ZAF,2018,shared,total,552221,vehicles,actual,2026-08_20260817-Industry-Vehicle-Sales-2017-2027-Actual-and-Projections-updated.pdf
ZAF,2019,shared,cars,355379,vehicles,actual,2026-08_20260817-Industry-Vehicle-Sales-2017-2027-Actual-and-Projections-updated.pdf
ZAF,2019,shared,light_commercial,153221,vehicles,actual,2026-08_20260817-Industry-Vehicle-Sales-2017-2027-Actual-and-Projections-updated.pdf
ZAF,2019,shared,medium_heavy_commercial,27891,vehicles,actual,2026-08_20260817-Industry-Vehicle-Sales-2017-2027-Actual-and-Projections-updated.pdf
ZAF,2019,shared,total,536486,vehicles,actual,2026-08_20260817-Industry-Vehicle-Sales-2017-2027-Actual-and-Projections-updated.pdf
ZAF,2020,shared,cars,246541,vehicles,actual,2026-08_20260817-Industry-Vehicle-Sales-2017-2027-Actual-and-Projections-updated.pdf
ZAF,2020,shared,light_commercial,110912,vehicles,actual,2026-08_20260817-Industry-Vehicle-Sales-2017-2027-Actual-and-Projections-updated.pdf
ZAF,2020,shared,medium_heavy_commercial,22614,vehicles,actual,2026-08_20260817-Industry-Vehicle-Sales-2017-2027-Actual-and-Projections-updated.pdf
ZAF,2020,shared,total,380065,vehicles,actual,2026-08_20260817-Industry-Vehicle-Sales-2017-2027-Actual-and-Projections-updated.pdf
ZAF,2021,shared,cars,304338,vehicles,actual,2026-08_20260817-Industry-Vehicle-Sales-2017-2027-Actual-and-Projections-updated.pdf
ZAF,2021,shared,light_commercial,133078,vehicles,actual,2026-08_20260817-Industry-Vehicle-Sales-2017-2027-Actual-and-Projections-updated.pdf
ZAF,2021,shared,medium_heavy_commercial,26906,vehicles,actual,2026-08_20260817-Industry-Vehicle-Sales-2017-2027-Actual-and-Projections-updated.pdf
ZAF,2021,shared,total,464322,vehicles,actual,2026-08_20260817-Industry-Vehicle-Sales-2017-2027-Actual-and-Projections-updated.pdf
ZAF,2022,shared,cars,363681,vehicles,actual,2026-08_20260817-Industry-Vehicle-Sales-2017-2027-Actual-and-Projections-updated.pdf
ZAF,2022,shared,light_commercial,135711,vehicles,actual,2026-08_20260817-Industry-Vehicle-Sales-2017-2027-Actual-and-Projections-updated.pdf
ZAF,2022,shared,medium_heavy_commercial,29942,vehicles,actual,2026-08_20260817-Industry-Vehicle-Sales-2017-2027-Actual-and-Projections-updated.pdf
ZAF,2022,shared,total,529335,vehicles,actual,2026-08_20260817-Industry-Vehicle-Sales-2017-2027-Actual-and-Projections-updated.pdf
ZAF,2023,shared,cars,347377,vehicles,actual,2026-08_20260817-Industry-Vehicle-Sales-2017-2027-Actual-and-Projections-updated.pdf
ZAF,2023,shared,light_commercial,151490,vehicles,actual,2026-08_20260817-Industry-Vehicle-Sales-2017-2027-Actual-and-Projections-updated.pdf
ZAF,2023,shared,medium_heavy_commercial,32690,vehicles,actual,2026-08_20260817-Industry-Vehicle-Sales-2017-2027-Actual-and-Projections-updated.pdf
ZAF,2023,shared,total,531557,vehicles,actual,2026-08_20260817-Industry-Vehicle-Sales-2017-2027-Actual-and-Projections-updated.pdf
ZAF,2024,shared,cars,351553,vehicles,actual,2026-08_20260817-Industry-Vehicle-Sales-2017-2027-Actual-and-Projections-updated.pdf
ZAF,2024,shared,light_commercial,133375,vehicles,actual,2026-08_20260817-Industry-Vehicle-Sales-2017-2027-Actual-and-Projections-updated.pdf
ZAF,2024,shared,medium_heavy_commercial,31175,vehicles,actual,2026-08_20260817-Industry-Vehicle-Sales-2017-2027-Actual-and-Projections-updated.pdf
ZAF,2024,shared,total,516103,vehicles,actual,2026-08_20260817-Industry-Vehicle-Sales-2017-2027-Actual-and-Projections-updated.pdf
ZAF,2025,shared,cars,422463,vehicles,actual,2026-08_20260817-Industry-Vehicle-Sales-2017-2027-Actual-and-Projections-updated.pdf
ZAF,2025,shared,light_commercial,143964,vehicles,actual,2026-08_20260817-Industry-Vehicle-Sales-2017-2027-Actual-and-Projections-updated.pdf
ZAF,2025,shared,medium_heavy_commercial,30911,vehicles,actual,2026-08_20260817-Industry-Vehicle-Sales-2017-2027-Actual-and-Projections-updated.pdf
ZAF,2025,shared,total,597338,vehicles,actual,2026-08_20260817-Industry-Vehicle-Sales-2017-2027-Actual-and-Projections-updated.pdf
ZAF,2026,shared,cars,465000,vehicles,projection,2026-08_20260817-Industry-Vehicle-Sales-2017-2027-Actual-and-Projections-updated.pdf
ZAF,2026,shared,light_commercial,160000,vehicles,projection,2026-08_20260817-Industry-Vehicle-Sales-2017-2027-Actual-and-Projections-updated.pdf
ZAF,2026,shared,medium_heavy_commercial,31000,vehicles,projection,2026-08_20260817-Industry-Vehicle-Sales-2017-2027-Actual-and-Projections-updated.pdf
ZAF,2026,shared,total,656000,vehicles,projection,2026-08_20260817-Industry-Vehicle-Sales-2017-2027-Actual-and-Projections-updated.pdf
ZAF,2027,shared,cars,490000,vehicles,projection,2026-08_20260817-Industry-Vehicle-Sales-2017-2027-Actual-and-Projections-updated.pdf
ZAF,2027,shared,light_commercial,180000,vehicles,projection,2026-08_20260817-Industry-Vehicle-Sales-2017-2027-Actual-and-Projections-updated.pdf
ZAF,2027,shared,medium_heavy_commercial,32000,vehicles,projection,2026-08_20260817-Industry-Vehicle-Sales-2017-2027-Actual-and-Projections-updated.pdf
ZAF,2027,shared,total,702000,vehicles,projection,2026-08_20260817-Industry-Vehicle-Sales-2017-2027-Actual-and-Projections-updated.pdf
